"ISO3","Name","1995","1996","1997","1998","1999","2000","2001","2002","2003","2004","2005","2006","2007","2008","2009","2010","2011","2012","2013","2014","2015","2016","2017","2018","2019","2020","2021"
"AFG","Afghanistan",0.132618817146867,0.132618817146867,0.137714220582475,0.142809624018083,0.138254403820145,0.133699183622207,0.152263057272461,0.170826930922716,0.181366664555024,0.167750133522949,0.166997745063711,0.147643155777304,0.130028940918013,0.117235678812926,0.121755043509774,0.129718566471048,0.132060759537496,0.175743916908127,0.172591804585367,0.193779720403057,0.190643676835273,0.158643803553377,0.149626800326824,0.158259879783853,0.166566874074683,0.141879808277421,0.169529202568661
"ALB","Albania",0.379199656769439,0.379199656769439,0.366712896136917,0.354226135504395,0.356635693445172,0.35904525138595,0.37348019960334,0.38791514782073,0.380313493228834,0.398481640973432,0.376343984248822,0.39298439603279,0.421986076010233,0.443420387423066,0.456567710638814,0.455988068956937,0.441998965267554,0.437612805734876,0.450077872856346,0.487928184291518,0.481821659275137,0.485972135279136,0.484250474591179,0.481746721852744,0.470083589033002,0.468745820270979,0.471892853627564
"DZA","Algeria",0.28813302249011,0.28813302249011,0.27715239573102,0.26617176897193,0.27681114258611,0.287450516200291,0.303095219010119,0.318739921819947,0.332008219406588,0.351375414503493,0.381160136050112,0.358397139006568,0.353870766906768,0.349984930886798,0.32704958947535,0.321442348041042,0.309179077915896,0.309904652983774,0.332870584163579,0.311780993109464,0.313218831262459,0.312023137278497,0.322459090442545,0.324763989697578,0.311031402893697,0.323674988264653,0.331108250539552
"AND","Andorra",,,,,,,,,,,,,,,,,,,,,,,,,,,
"AGO","Angola",0.196201801371854,0.196201801371854,0.19211876196687,0.188035722561884,0.190212769383539,0.192389816205194,0.208022924498047,0.223656032790898,0.250445276213056,0.241814903438856,0.254690470850546,0.28597200274683,0.277551684652904,0.289125100001133,0.293684532684821,0.300824738397079,0.29011587675685,0.29743059713944,0.293515765181849,0.308629913990844,0.30811211418224,0.308084619586002,0.302502356817146,0.332524660783688,0.335339420475686,0.338692596987389,0.354339920828303
"ATG","Antigua and Barbuda",0.673600354044614,0.673600354044614,0.673960506592246,0.674320659139877,0.672362833897008,0.67040500865414,0.670466458578813,0.670527908503487,0.673304848257466,0.670556619932927,0.641904000632425,0.67327611253959,0.672777871646064,0.688471267575357,0.689094335278202,0.6945630961343,0.694034351308191,0.692728384322929,0.686111775730423,0.59859565195525,0.631928646141007,0.620950456980885,0.581907836333308,0.594527436812454,0.602552431640522,0.605578188576888,0.594608417035826
"ARG","Argentina",0.53050888535566,0.53050888535566,0.519553198005726,0.508597510655792,0.501740789628829,0.494884068601866,0.429345409155905,0.363806749709945,0.386697040151306,0.379820556437376,0.425255653801663,0.424443524608164,0.423967220769263,0.404239135595624,0.391212138003593,0.411939612642722,0.42566141315915,0.405916214917183,0.401839111082646,0.375016207036078,0.391452153073145,0.463510399278513,0.473339452664918,0.479432403369732,0.451752740675483,0.443493286939913,0.421242674539316
"ARM","Armenia",0.42224151871983,0.42224151871983,0.405440868585805,0.38864021845178,0.389782213650462,0.390924208849144,0.409309027077863,0.427693845306581,0.468481418533605,0.438474596434485,0.445356588510876,0.440211944643123,0.454537220623297,0.459243448743608,0.466774306578353,0.454990506070472,0.451959335728742,0.471043907816089,0.471331304764392,0.444240174289589,0.445825480493082,0.440599697252447,0.442688281859624,0.469979825669946,0.477633742360931,0.47796625726409,0.472865203623652
"AUS","Australia",0.822017321024604,0.822017321024604,0.815317979889082,0.808618638753558,0.818906787355022,0.829194935956485,0.820472913600649,0.811750891244813,0.817408815549393,0.830639113109377,0.81553567037483,0.821201481155951,0.826201845013701,0.833631862889508,0.831419178560657,0.827049744213597,0.836413804447295,0.833301100735095,0.824364129188606,0.839102677191663,0.825969566653119,0.830892919374265,0.821445810866418,0.826240390605072,0.823625767989552,0.805270501501657,0.811945890120417
"AUT","Austria",0.833358929258254,0.833358929258254,0.820990907005416,0.808622884752579,0.804446130757631,0.800269376762683,0.819200484801902,0.838131592841122,0.823323464940507,0.829745393305749,0.829796992623278,0.832627593641485,0.851699379331962,0.838297613440046,0.809878864988212,0.803797528207648,0.794569354044805,0.808218641683048,0.812688976171841,0.809747349114818,0.797834629286675,0.788614846365266,0.796604633021418,0.801463446700185,0.796219702255761,0.78609859396163,0.76920624267278
"AZE","Azerbaijan",0.265182979874252,0.265182979874252,0.278049513365314,0.290916046856377,0.292130421599565,0.293344796342753,0.296109055055238,0.298873313767722,0.327997600062955,0.313731794035818,0.325615800543437,0.32275238078701,0.344023581938999,0.362198017887785,0.362718290450551,0.357117373810986,0.345338635983098,0.338304481721195,0.37043745618151,0.371790402725778,0.36545266866626,0.374941948580731,0.37346077646634,0.379346618972621,0.385335675973223,0.354115467135762,0.386220692773407
"BHS","Bahamas",0.718962687436772,0.718962687436772,0.727151676887621,0.73534066633847,0.74370828366281,0.75207590098715,0.754894888461773,0.757713875936395,0.745464851243297,0.745157729203214,0.740764251631405,0.719100701095392,0.722311539172599,0.722317320783368,0.695825174325496,0.684796631568625,0.682999747057854,0.678261225372726,0.668000261825331,0.659551598635259,0.643494239535246,0.632620871031871,0.626990377463165,0.61744406703772,0.603527643658015,0.607082779429854,0.615996832126805
"BHR","Bahrain",0.546485790229488,0.546485790229488,0.55559873327076,0.564711676312032,0.57042741093168,0.576143145551328,0.60305887566679,0.629974605782253,0.604432368231609,0.609768647743998,0.586791523685439,0.549307080763095,0.565090572991299,0.563444156635732,0.566080778121027,0.547627737511965,0.525852682493826,0.520990021351404,0.515099253231285,0.534064748522594,0.524818330499354,0.518880398041733,0.494609010374869,0.497422908035332,0.522345479550987,0.526428343663076,0.555291819299951
"BGD","Bangladesh",0.330907661213604,0.330907661213604,0.337384833160665,0.343862005107726,0.324917292734493,0.30597258036126,0.289732518534027,0.273492456706793,0.257253453818287,0.238487277607694,0.239530483388313,0.260034256234013,0.286860359983996,0.294886822900677,0.292402156998608,0.298448290638508,0.302194048572233,0.300125521483451,0.292210531959707,0.32663859621353,0.320927956570035,0.326164033473064,0.327167857308593,0.334661633113025,0.327703460177684,0.333878293866551,0.33324350450188
"BRB","Barbados",0.75127321151251,0.75127321151251,0.756424657189218,0.761576102865927,0.765679508404627,0.769782913943327,0.765759583930127,0.761736253916928,0.757970872068615,0.753631379512243,0.753835382246815,0.727381353346806,0.745752722854554,0.733636332308482,0.704813683280713,0.710497050602688,0.739106842080477,0.720530005466567,0.722798846547336,0.691960721943706,0.717905678986204,0.678512418972177,0.68157635424692,0.66832507348272,0.653488091277345,0.661055760674029,0.668052711614841
"BLR","Belarus",0.390389625886446,0.390389625886446,0.380422740747871,0.370455855609296,0.360737970445444,0.351020085281593,0.34892990575548,0.346839726229367,0.384002161660869,0.348160240447663,0.34791865088722,0.335022250268954,0.356122061790668,0.378219025620875,0.383193350064137,0.350156232329855,0.342606148954321,0.375290207326245,0.378415768767519,0.401936901436878,0.391321161150375,0.40654129553167,0.403358974312546,0.426957724567868,0.444419006996995,0.366702871697824,0.357414227579253
"BEL","Belgium",0.763018377568225,0.763018377568225,0.74718573966595,0.731353101763676,0.743461240270151,0.755569378776625,0.761968257524856,0.768367136273088,0.746979965371672,0.7419539829063,0.740209800832746,0.739818714154121,0.747156479193499,0.742386719154219,0.753468979774158,0.754927474032261,0.762292682832024,0.763204570438722,0.7699530821303,0.752459489387872,0.750691033242777,0.74740475550269,0.731153193884128,0.733454350248706,0.738714386541467,0.744234053858599,0.745462895002236
"BLZ","Belize",0.535934987355468,0.535934987355468,0.533561454417177,0.531187921478886,0.52697820300561,0.522768484532333,0.522018286415165,0.521268088297998,0.53469339786897,0.504997867694355,0.496110472177195,0.473901839296787,0.472243406201711,0.467472529342585,0.471640684531482,0.473419179658646,0.449235978337402,0.465106110097005,0.4666070422453,0.432270202454846,0.434753561790511,0.422289445295804,0.413937932425135,0.421243949396025,0.427108677440031,0.448774388971194,0.445682716755424
"BEN","Benin",0.509674988025574,0.509674988025574,0.500864902698051,0.492054817370528,0.485721312453116,0.479387807535704,0.464962765938875,0.450537724342046,0.446501732893803,0.427140524090886,0.413428845332498,0.443007699438824,0.441476042825608,0.435280781124487,0.43160511080223,0.422178784671575,0.428797438965313,0.420418176045912,0.423808185922531,0.410299680787866,0.414616711324209,0.414817356329417,0.415902664603179,0.422831507163997,0.412628099660101,0.423009693767119,0.429806533745572
"BTN","Bhutan",0.565564585056756,0.565564585056756,0.561697653314851,0.557830721572946,0.549679882986995,0.541529044401042,0.538811056584507,0.536093068767973,0.608458414502986,0.569594627857933,0.60971210180383,0.587526664073189,0.562929484374127,0.5684173362735,0.548289352799463,0.538590653596846,0.539783769489734,0.549083352474023,0.55014747374039,0.593447872091408,0.595537828769017,0.608941198023134,0.656770126868068,0.654983201992764,0.656102957163496,0.65760101038373,0.646295873188842
"BOL","Bolivia, Plurinational State of",0.436364017165711,0.436364017165711,0.449947216248294,0.463530415330876,0.455211598234394,0.446892781137911,0.429815414761173,0.412738048384435,0.38658004475154,0.382467092755873,0.3458056921386,0.356948856994132,0.352699847283777,0.35097451746482,0.346149913848,0.367883813084777,0.36512463547522,0.349375059742388,0.363702586548642,0.355842871037475,0.349665220023156,0.337827219535152,0.34218869801121,0.343468941758386,0.32046141259454,0.32528032908707,0.324527030722098
"BIH","Bosnia and Herzegovina",0.404078788963419,0.404078788963419,0.38693723208444,0.36979567520546,0.375775551308328,0.381755427411196,0.396162001164253,0.41056857491731,0.415128543347943,0.448536981870369,0.413063103614881,0.418301500530344,0.41624063263621,0.429528169416415,0.428539765364561,0.429617788392365,0.428923317855939,0.448504990292098,0.460158239566026,0.475564526286841,0.442095257371128,0.443621445143364,0.445720166251583,0.435216591218857,0.432721961541062,0.424918206543572,0.426259342431777
"BWA","Botswana",0.65379391773219,0.65379391773219,0.65835423745024,0.66291455716829,0.664221346996448,0.665528136824606,0.656598706286782,0.647669275748957,0.69602043814151,0.657364273327682,0.676908431678662,0.655195001544881,0.662854022606726,0.667290846758427,0.655377414474503,0.660444721588158,0.661614215595098,0.665266298932024,0.656707098329486,0.656806138895406,0.646609093247094,0.65290775237019,0.637789657738136,0.638388487611748,0.638147095964872,0.629166022148644,0.63771620479273
"BRA","Brazil",0.495355866366773,0.495355866366773,0.495777704126877,0.49619954188698,0.503913988684532,0.511628435482084,0.514280569393469,0.516932703304854,0.499219372103075,0.47090221331607,0.460484243693023,0.460749396459214,0.46069778937771,0.478562549795026,0.5058352794361,0.520257395772695,0.521148878579967,0.506260184276458,0.488173421408633,0.47413917060836,0.446692985559367,0.443743687783966,0.431058180068477,0.429046728571764,0.433872373241285,0.445091258432407,0.434590177350459
"BRN","Brunei Darussalam",0.689764446737307,0.689764446737307,0.665121227986516,0.640478009235723,0.645499700854024,0.650521392472325,0.647416557372408,0.644311722272492,0.645654392458956,0.661207647228193,0.624642932376561,0.614088768877876,0.630384944037619,0.639649358487279,0.710581498823723,0.699276016584119,0.69626797302786,0.667652516332182,0.668449682195316,0.65842449717472,0.650176335364292,0.640665489166349,0.659666565288211,0.665557910291902,0.656992914407026,0.717295333922302,0.717008286943777
"BGR","Bulgaria",0.45140307691438,0.45140307691438,0.483255633842243,0.515108190770106,0.513547196772157,0.511986202774208,0.523882738628246,0.535779274482284,0.529274406011191,0.535506422625339,0.536821518304255,0.537970786104299,0.533261565744632,0.532697212931856,0.536636570553484,0.532968817335822,0.520085696662188,0.52514375274112,0.510649087269177,0.513111296546672,0.506916910420329,0.521058984162777,0.534516665413757,0.538652185637072,0.544214207714577,0.521211858255542,0.528380281457276
"BFA","Burkina Faso",0.435199352830531,0.435199352830531,0.440908986219911,0.446618619609292,0.457396216284553,0.468173812959814,0.458980913846805,0.449788014733796,0.450319132884086,0.447507671327876,0.446241032383375,0.450129618509805,0.461467001755019,0.461229420563628,0.466723832599669,0.456707444240013,0.429152611646703,0.421989922917379,0.403502084608744,0.397824424857698,0.414347553380097,0.413240997995148,0.413294778466651,0.409343675148816,0.39277073269658,0.385471357406824,0.383624757287043
"BDI","Burundi",0.221171180019639,0.221171180019639,0.219809998858498,0.218448817697356,0.22664154011388,0.234834262530401,0.233134501023075,0.23143473951575,0.222987802356311,0.205719637498884,0.259959314321858,0.270237005916857,0.262015002579742,0.256825957880143,0.267587683524851,0.25026667181687,0.247788170631435,0.244005500780571,0.264643324125294,0.311589384565616,0.252186590917354,0.230619576599245,0.229589006895222,0.227781103859099,0.228746372541024,0.230856646123775,0.240345013472362
"KHM","Cambodia",0.326098994062401,0.326098994062401,0.325528219543621,0.324957445024839,0.338518213485808,0.352078981946777,0.349728725137427,0.347378468328077,0.339665264018546,0.341537909737932,0.327470247273462,0.323491782508313,0.339644407796499,0.338324734590031,0.330420327430774,0.329353283909536,0.33599853149328,0.369813231582414,0.368227469689337,0.368607064498963,0.365390023148929,0.361361941261777,0.354513545142366,0.35009826466143,0.348967351804264,0.343244037282156,0.352719943647937
"CMR","Cameroon",0.257902518312179,0.257902518312179,0.275003177761357,0.292103837210534,0.297317989823502,0.30253214243647,0.296603984252946,0.290675826069423,0.321982491031936,0.328715606805575,0.321727595039018,0.330080452095845,0.32909311838971,0.324119068984761,0.329433000036684,0.31836779756728,0.31343496860789,0.306382542798669,0.309795955745342,0.300294749115134,0.304246359566242,0.298903124956454,0.293578727542576,0.28306190777588,0.269991007149483,0.276640748945511,0.2792732208698
"CAN","Canada",0.826633077130614,0.826633077130614,0.823485902208404,0.820338727286192,0.822428086628317,0.82451744597044,0.825294344449595,0.826071242928751,0.817338745663048,0.806592484241913,0.80388318664304,0.824590372101693,0.827746431775497,0.831214561219505,0.840860565817117,0.833171438661702,0.830077733556502,0.831162666065642,0.827355341316172,0.841775227063943,0.840297881353177,0.846190466169322,0.841422130812089,0.819367911509726,0.81825444092163,0.798287777866654,0.797101255430347
"CPV","Cape Verde",0.63735493944381,0.63735493944381,0.632158470878746,0.626962002313681,0.63854967211964,0.650137341925598,0.606237741280422,0.562338140635245,0.567823969147341,0.560263134889977,0.56886967962518,0.608955282728073,0.606523501112502,0.607617093621162,0.612116447486452,0.60426617625406,0.611279052392909,0.614108575295766,0.605958226291952,0.593646035954307,0.616192192882949,0.59559639491414,0.598575534696654,0.602668264215,0.612250108432706,0.621037075567618,0.631217517380379
"CAF","Central African Republic",0.283728247071966,0.283728247071966,0.28566488768154,0.287601528291113,0.280249668078061,0.272897807865008,0.274444853210337,0.275991898555665,0.251489797020585,0.219802994625972,0.229329733248706,0.213673555195818,0.212702912555616,0.228043542560014,0.236127441398028,0.239344566159926,0.246188250270396,0.24087331490433,0.199728611623243,0.166452572711478,0.192017491746321,0.191495952950556,0.18886045093547,0.186391236553546,0.186919555239817,0.17453709379256,0.185504513700395
"TCD","Chad",0.257354767104378,0.257354767104378,0.254279540049349,0.25120431299432,0.256500066162141,0.261795819329962,0.259294490524406,0.25679316171885,0.232379062787298,0.246027714165963,0.218724226448585,0.215385438596743,0.210828677126741,0.192541344250931,0.21857672046916,0.228594448638634,0.243307423413265,0.255879077648758,0.258093631176417,0.244246015103517,0.264005271331767,0.234077210092633,0.24003605701528,0.238813657251977,0.245211609370223,0.248169195612307,0.237510478266586
"CHL","Chile",0.745963156208123,0.745963156208123,0.723103121638056,0.700243087067991,0.721666848806773,0.743090610545558,0.752083624297743,0.761076638049928,0.725875479184014,0.731975664072107,0.744269935425149,0.738275656313556,0.72925128821829,0.730370110609572,0.73337936078097,0.744545571532731,0.73990931083611,0.74446974435351,0.739075261246174,0.7440369631173,0.717749234322799,0.697003177381251,0.695065849197124,0.689540425891782,0.665043376938145,0.664287098387341,0.653539977245766
"CHN","China",0.442377242323197,0.442377242323197,0.435290396652112,0.428203550981028,0.433960951503903,0.439718352026779,0.420738726446764,0.401759100866749,0.408561439493062,0.406989657366384,0.404044407070397,0.401952415710277,0.405303869928474,0.416364417629994,0.41537123007862,0.402043221015624,0.411571481436868,0.412942824719152,0.416080401566702,0.424437233248666,0.426965190208925,0.436494391956487,0.457123702762054,0.455320794757629,0.44823514161764,0.47227856802973,0.47074769330028
"COL","Colombia",0.359710757798183,0.359710757798183,0.356871633123525,0.354032508448866,0.361380496215598,0.36872848398233,0.366808454128009,0.364888424273688,0.345681631639577,0.35799105001421,0.373410282067729,0.390481439391469,0.401248462547272,0.402195734442423,0.390307817845989,0.406189102081467,0.431844799221746,0.417779673445743,0.419034475185369,0.441042479386735,0.44712916588353,0.44856876872288,0.44189937016221,0.443431975848359,0.444525389398446,0.448766965229717,0.431782775596751
"COM","Comoros",0.367423271861374,0.367423271861374,0.369745193847556,0.372067115833739,0.353124701636703,0.334182287439668,0.364594620339268,0.395006953238868,0.333624440891589,0.325682778706553,0.304410099792792,0.324905016351932,0.292987686415775,0.285184165825209,0.289474125361408,0.310778290278786,0.313343448597617,0.316134198097284,0.341915860476461,0.360668088822522,0.354813119388515,0.359392435597597,0.356904163823627,0.326309337672772,0.321839569749831,0.29965248047602,0.296456441412554
"COG","Congo",0.287958132595313,0.287958132595313,0.256307690339146,0.22465724808298,0.253529383835914,0.282401519588846,0.272678933608125,0.262956347627404,0.26915171588946,0.28299321287836,0.254550662757365,0.278669975941141,0.284134288928552,0.283398231359869,0.298292808631236,0.300202835497713,0.299573691148287,0.287259851862431,0.292029363592813,0.302250512796092,0.290126233747404,0.294997436108014,0.276004215960056,0.284751786785179,0.257773297943601,0.249081250066184,0.274283863018267
"COD","Congo, the Democratic Republic o",,,,,,,,,,,,,,,,,,,,,,,,,,,
"CRI","Costa Rica",0.632268529494837,0.632268529494837,0.646780262836446,0.661291996178055,0.650956608417974,0.640621220657894,0.631716366908619,0.622811513159344,0.614228530135987,0.597487327894969,0.607474254816448,0.593661623040451,0.593212891829815,0.596322129463104,0.62264171704625,0.625444647167435,0.60943319904204,0.62524574073199,0.629231999112314,0.62988649869157,0.6316680611259,0.620193904039688,0.599140223317868,0.600990872904079,0.614217859154456,0.624897109707244,0.613000381586853
"CIV","Cote d'Ivoire",0.430321286129304,0.430321286129304,0.417836061487656,0.405350836846008,0.36038536476392,0.31541989268183,0.301427936319669,0.287435979957507,0.262389406529832,0.218788169062207,0.210237995190505,0.234858399708038,0.244164004209867,0.243581193534802,0.271420100440655,0.260060271579415,0.27540599266082,0.307458281139255,0.332310702988435,0.373716567287574,0.383323894412513,0.380202855159944,0.374514200872826,0.393636831513543,0.3838593211605,0.3786800259734,0.395993959151508
"HRV","Croatia",0.427622238621886,0.427622238621886,0.435922702053533,0.44422316548518,0.474534929951062,0.504846694416944,0.52723239834855,0.549618102280156,0.561887759560402,0.573839531817878,0.55651386765289,0.544598798961692,0.553870178759503,0.545673087185489,0.549130845482698,0.55786561676186,0.557901485222186,0.551460042744756,0.5630536871631,0.564781234647481,0.560562364529496,0.57133216755756,0.568621996057221,0.581504434913258,0.582664493998815,0.571252542879527,0.575861866861972
"CUB","Cuba",0.418432351984253,0.418432351984253,0.412119223810786,0.405806095637319,0.413503304641468,0.421200513645619,0.417912170125293,0.414623826604968,0.396199964521385,0.396240687288231,0.417155142322854,0.428637108936112,0.427666280545748,0.425054032887668,0.418961872027619,0.416654300725031,0.414816939857644,0.416379314914523,0.412002355548547,0.431433247137156,0.438429611650299,0.452645475997535,0.457775295587098,0.444959250610937,0.440625982893708,0.431331583099723,0.428663268255826
"CYP","Cyprus",0.699986597023897,0.699986597023897,0.688203397946654,0.676420198869412,0.683389704900941,0.69035921093247,0.68678002041473,0.683200829896988,0.698238934282923,0.673729557341353,0.679625371845709,0.70474232154804,0.707231130046271,0.725255278357306,0.697605538631693,0.707135606597237,0.691002016317818,0.710362348172652,0.693296484063895,0.694461566712316,0.686819403794246,0.662438574054589,0.664177959314985,0.639701222757621,0.649262974026584,0.614944166699873,0.617741483939175
"CZE","Czech Republic",0.68884815858052,0.68884815858052,0.673845475770939,0.658842792961357,0.625184427144224,0.591526061327092,0.628258807398947,0.664991553470802,0.667701838523151,0.639146502523316,0.6671020185511,0.66486268575145,0.659633470893847,0.671841642743213,0.674831323420162,0.676794803013952,0.681118878110834,0.667711936492269,0.66973357864536,0.675000928658578,0.682766153425749,0.67632931230539,0.695366984877938,0.692028152249423,0.687999116428053,0.688540309627167,0.702298079997022
"DNK","Denmark",0.870198817938573,0.870198817938573,0.867620015579047,0.86504121321952,0.869379315919847,0.873717418620173,0.875738477939559,0.877759537258946,0.869676623602892,0.868581726355647,0.856091534909231,0.875287754600476,0.883641179612659,0.873364550186756,0.872434346160937,0.868210660183516,0.875367618959503,0.859672907214481,0.863937834578167,0.859020005225289,0.854886227103582,0.84045163282311,0.838207845260821,0.838587832553038,0.838228566961034,0.853153644459065,0.863733849430491
"DJI","Djibouti",0.348817045225483,0.348817045225483,0.340680821587601,0.332544597949719,0.354533157905143,0.376521717860567,0.374913187011112,0.373304656161658,0.346281782611779,0.387877290939076,0.337561897543104,0.36739873304959,0.389174497762414,0.428199370047403,0.435324092168969,0.419532034602517,0.416023368178131,0.419988693253615,0.401221444927539,0.363250183193529,0.362394362056771,0.351608984107684,0.354710320673774,0.372915512954726,0.352209067928547,0.348489319184851,0.334144159332018
"DMA","Dominica",0.675240040707884,0.675240040707884,0.6754630250673,0.675686009426717,0.668331814878028,0.660977620329338,0.660931006598246,0.660884392867154,0.665607875149631,0.659011808947759,0.653524224829948,0.662191407995022,0.646670704089097,0.644897712183231,0.638329619176916,0.63780477037325,0.640622853763791,0.633466551398745,0.639819011201134,0.628360272541714,0.63336825242676,0.624944089970851,0.633874317541776,0.624149891518929,0.623342796897858,0.647705469338412,0.644427666130479
"DOM","Dominican Republic",0.437485674417037,0.437485674417037,0.42315847668795,0.408831278958864,0.416289149292096,0.423747019625327,0.42823695549877,0.432726891372213,0.391452762316098,0.397768376846872,0.39708387342771,0.415590358873592,0.412403107773573,0.415769845614719,0.407850916751235,0.401717117681313,0.405314629529154,0.423178906532624,0.431364165966432,0.442852185635749,0.439742654695252,0.449012711699314,0.443549680743032,0.43868313919256,0.43996220319111,0.460848268392052,0.475055448112224
"ECU","Ecuador",0.392333785728579,0.392333785728579,0.406150269418435,0.419966753108289,0.398224575935425,0.376482398762561,0.361406130707733,0.346329862652907,0.344794295887293,0.351950069659626,0.346874284193412,0.315325870562365,0.317185698238226,0.323075082706444,0.30885741853542,0.324444300491234,0.332199135090863,0.349428845571837,0.38138647481811,0.36556214003162,0.357039438414917,0.382447788356035,0.379915908364368,0.388453217018263,0.399666687989717,0.394848823510248,0.406290302439005
"EGY","Egypt",0.45007875536983,0.45007875536983,0.454592354247939,0.459105953126047,0.45881085724104,0.458515761356033,0.447190936213687,0.435866111071342,0.41551485725225,0.405709908292068,0.421595668312655,0.389862478340465,0.408201679964706,0.419832016170558,0.436435724708361,0.41332586085967,0.367972591160683,0.361639618955819,0.332660615435035,0.330628668990604,0.337404733050219,0.341102659548242,0.353036960119772,0.370100410343852,0.3653285555246,0.36383533051073,0.381643633069031
"SLV","El Salvador",0.390875383907042,0.390875383907042,0.407854496339032,0.424833608771021,0.428996858326937,0.433160107882852,0.432501108736896,0.431842109590938,0.432863034020193,0.44748135084215,0.433931944738695,0.438006491951043,0.446354741389549,0.453617930072282,0.46422273068006,0.464036008258935,0.475792662946245,0.464078648960496,0.460638049195866,0.467543138900003,0.451914788366635,0.428704541250717,0.411806942878136,0.407919344787702,0.425183418506852,0.424602641206228,0.403806944397865
"GNQ","Equatorial Guinea",0.289622139054694,0.289622139054694,0.286438098750989,0.283254058447282,0.283531282681771,0.28380850691626,0.279415157640416,0.275021808364569,0.302505294212487,0.284321850112197,0.269981609933475,0.302862272018211,0.323143041552911,0.327784428631866,0.326695293644122,0.315017417507743,0.314824598607683,0.31008932420523,0.2978806643935,0.260256151392196,0.26678321379385,0.260469449066601,0.257572269591434,0.260202559253873,0.260977202217467,0.263599435751207,0.256101700825932
"ERI","Eritrea",0.40274892987003,0.40274892987003,0.403176389144278,0.403603848418527,0.40297288429907,0.402341920179613,0.402009761586251,0.401677602992889,0.353559769183214,0.341516143626872,0.31711025536796,0.285634396101827,0.270754733033259,0.283552697500833,0.271824639392696,0.259260013803476,0.258257927923007,0.248050275503944,0.236076806887625,0.236354563317666,0.212810165254571,0.212178992103734,0.21598707189597,0.214202952731322,0.204795468534528,0.205052901779784,0.198260584772779
"EST","Estonia",0.650649001690331,0.650649001690331,0.65353151587285,0.65641403005537,0.668953848476693,0.681493666898015,0.683756309423733,0.686018951949452,0.689710591853054,0.693009401503733,0.691540498173472,0.711606701027098,0.705709362948857,0.707030076501456,0.70831913997148,0.712885966883158,0.714906978221887,0.718478825973224,0.732070431169937,0.760426322600388,0.750644259736217,0.747776829602157,0.74519723175127,0.751073874054238,0.760301301728229,0.7693110782495,0.770291292990906
"ETH","Ethiopia",0.291664593887711,0.291664593887711,0.303690863945855,0.315717134003997,0.305790199581046,0.295863265158095,0.297940613005891,0.300017960853686,0.298644974580215,0.30919426488409,0.283701010567855,0.306253236659187,0.307088397446618,0.310134892061991,0.304056354089893,0.310290734393933,0.313265286206352,0.31464615124053,0.32467540091317,0.342406977257464,0.335243139081392,0.329565900748764,0.32513474822842,0.350294591422042,0.355002466035222,0.338843436675994,0.314650619957715
"FJI","Fiji",0.59318316394225,0.59318316394225,0.594644469451105,0.596105774959961,0.559111935529665,0.522118096099367,0.543778995772923,0.565439895446478,0.524006859523186,0.502973737835484,0.491198270567623,0.494830869615713,0.462882597854433,0.442016876658949,0.390963319743882,0.420279050324112,0.448076564456832,0.447625247560158,0.449555180964811,0.51018818811452,0.52414096455415,0.549909019536151,0.569844225830922,0.595047466654744,0.602787185323768,0.574575615601531,0.573061516837133
"FIN","Finland",0.860170096150218,0.860170096150218,0.867631835587578,0.875093575024938,0.885801225693782,0.896508876362627,0.896846292474525,0.897183708586423,0.897848924448252,0.893825982622241,0.881937425535916,0.88337597203799,0.873427298020234,0.871377506184603,0.879760136619707,0.8761772480157,0.873168112346633,0.876119789912653,0.875481258370085,0.878800495169454,0.869625434018045,0.863248818836298,0.866387887879044,0.858129192182368,0.854627095598565,0.865604044491159,0.869969335674832
"FRA","France",0.736857749373651,0.736857749373651,0.727324070238636,0.717790391103619,0.722682135798274,0.727573880492928,0.722945674427161,0.718317468361394,0.71063507911483,0.722629143485787,0.728202454230225,0.744642953821461,0.745379009312689,0.742841840952441,0.737559473113387,0.755531304237342,0.743977624984226,0.736903236051045,0.722276443839643,0.713738024741905,0.70466706886368,0.697045140930535,0.713842112316351,0.706143446592304,0.728631318712332,0.706489026977053,0.717994253957701
"GAB","Gabon",0.418856405578503,0.418856405578503,0.438092992095075,0.457329578611647,0.47371861128522,0.490107643958792,0.48194884954065,0.473790055122509,0.460387535803872,0.427156236471338,0.455774700865588,0.397407173001335,0.394514852925714,0.387992513363739,0.397902914896761,0.418775035445058,0.424976002009777,0.42975091053932,0.423843874701109,0.412094495967244,0.400654882527746,0.390886977936679,0.381265292626959,0.365196782280316,0.365777305517454,0.373313688972239,0.375377733744824
"GMB","Gambia",0.463883666091708,0.463883666091708,0.4698971063276,0.475910546563491,0.475336379237175,0.47476221191086,0.482048424354933,0.489334636799005,0.490408095109585,0.434464625036731,0.418000326566844,0.416553511397896,0.422981341851373,0.418577704522206,0.429480990199335,0.419385074319807,0.427747868041782,0.422360381233052,0.40889388780367,0.396851731046043,0.393274367804342,0.368445219350719,0.415804663896785,0.417256852419024,0.435812511912892,0.434786948529654,0.4269177769917
"GEO","Georgia",0.234890274586208,0.234890274586208,0.257754988528986,0.280619702471766,0.308185346224586,0.335750989977405,0.312143658621982,0.28853632726656,0.33351891086738,0.380108067226207,0.393305380256206,0.434470520765183,0.464866004837896,0.467398442355023,0.469045593845976,0.490928048330505,0.507075995232562,0.528344357709719,0.546053151926234,0.584653783952586,0.57404634735166,0.592188303945497,0.593187285724748,0.592432177937277,0.58864102596857,0.582500328531807,0.584440778296254
"DEU","Germany",0.819530567078296,0.819530567078296,0.815309852736508,0.811089138394719,0.814341115557212,0.817593092719705,0.815289178160723,0.81298526360174,0.789662203931766,0.78778118003516,0.804394389731867,0.814001384294045,0.810513480273782,0.802028459176396,0.795610861321543,0.796198407109824,0.794715347433826,0.797727100527803,0.802571987726877,0.821078192160464,0.809475242079637,0.805188175995568,0.799997490244424,0.805656478483787,0.800564093352067,0.793010445428993,0.798723262367889
"GHA","Ghana",0.444047484875013,0.444047484875013,0.444436144102736,0.444824803330459,0.464901103539458,0.484977403748457,0.468269191187743,0.451560978627027,0.471998229797733,0.462824804325637,0.472585249833113,0.499074173773865,0.497604908750897,0.487874367689043,0.502560085772832,0.505135032660733,0.511580163430366,0.506216591929044,0.509865789107183,0.487141489757288,0.492419619150689,0.475750145497826,0.490746438438477,0.491338287239256,0.496353135187913,0.495704087666826,0.485037382258242
"GRC","Greece",0.623802208569279,0.623802208569279,0.634641524747195,0.645480840925111,0.648744172355657,0.652007503786203,0.648644376082758,0.645281248379314,0.631279956782174,0.634670442650294,0.630185746885273,0.634722892651439,0.626241091367484,0.606531562855385,0.569956007667227,0.553621022162253,0.542688753497557,0.526804892342324,0.544542714022314,0.522845856351063,0.520511923166361,0.504336490786129,0.509197830724575,0.534557673403105,0.54718309673784,0.553758363968574,0.559785527733583
"GRD","Grenada",0.639516639208253,0.639516639208253,0.64041467698411,0.641312714759967,0.639561657823787,0.637810600887606,0.634419979512724,0.631029358137842,0.627675543376096,0.611678822255974,0.599301356041649,0.598826655086045,0.574134455367711,0.557444011812049,0.56190899995306,0.571123082050135,0.56396031161772,0.570666562877952,0.568498195719383,0.555550583624631,0.584056919464067,0.615221181490531,0.596377309252126,0.567966094630193,0.56033105163346,0.580731021551319,0.616620578143886
"GTM","Guatemala",0.338665228932654,0.338665228932654,0.351722513276866,0.364779797621078,0.364178037922818,0.363576278224558,0.36752841296574,0.371480547706922,0.355092480049799,0.368428346979183,0.350614980259237,0.352856695645515,0.35536013511287,0.365549642612136,0.371218104837626,0.379509697857831,0.378155179071088,0.369640808883882,0.368505629076966,0.369481493841646,0.369121695974033,0.370111439150161,0.360337951086112,0.36701705313297,0.356903349171748,0.354364540679827,0.348561065403592
"GIN","Guinea",0.285960485031779,0.285960485031779,0.296412198660153,0.306863912288527,0.278797206870312,0.250730501452096,0.269741154702109,0.288751807952122,0.312423271667074,0.29257341408284,0.269574372835577,0.229202150953752,0.19439656168528,0.208966825422411,0.21625068214831,0.233921702022768,0.256907079025839,0.266932177774771,0.270277350630547,0.279614669375802,0.327166820805946,0.327932461495064,0.310458946834062,0.305243096032274,0.315465565755516,0.313765195938694,0.299900521182024
"GNB","Guinea-Bissau",0.24379636882566,0.24379636882566,0.224359872519333,0.204923376213006,0.261425017353875,0.317926658494745,0.315396052725179,0.312865446955613,0.31378683735567,0.294935283165418,0.292888031624311,0.307725020549904,0.291784088695251,0.274300198465804,0.278226398273257,0.284377862313967,0.280894758803074,0.249703315680823,0.243351393928292,0.25653100684546,0.270985198408306,0.25720572791892,0.258574209149993,0.262266922960041,0.268083658702895,0.263082784642503,0.282445640944285
"GUY","Guyana",0.464016802413552,0.464016802413552,0.465223378691835,0.46642995497012,0.448110242384035,0.42979052979795,0.425098270248785,0.420406010699621,0.417682887683524,0.40568037179765,0.393362765701685,0.378972553541635,0.390890446267421,0.385384175277962,0.385886317656243,0.396694432851061,0.389201784630667,0.380430976518451,0.389193818349429,0.397397944733773,0.408597695537675,0.446779223014695,0.4382677360841,0.436517949676049,0.433747156973041,0.441021904911766,0.441251310508637
"HTI","Haiti",0.288832868721411,0.288832868721411,0.283072464152959,0.277312059584507,0.282625661949247,0.287939264313986,0.255596435843799,0.223253607373612,0.21304151126146,0.174665820190503,0.202396605052819,0.253963146314503,0.263423284998032,0.271112772176373,0.286046060765945,0.274512568943198,0.266515755746271,0.284666670344096,0.299322639056236,0.291661174528604,0.285914515962139,0.282809913698104,0.282640832743687,0.286784579269724,0.275930416161801,0.269857192874616,0.246505489019761
"HND","Honduras",0.340012406566913,0.340012406566913,0.36090584162673,0.381799276686547,0.373921252790973,0.3660432288954,0.36450187052795,0.3629605121605,0.354447062955532,0.367936109420718,0.3594103566438,0.354325027944676,0.378255451857971,0.363488346862155,0.377371845649374,0.374490846435558,0.385410906772845,0.365756971105138,0.361611192807001,0.36742647552868,0.384170465689303,0.364644430800818,0.363566752157571,0.369635415686644,0.353890306615647,0.353763818365464,0.335691141182394
"HUN","Hungary",0.670647921197796,0.670647921197796,0.677459502106178,0.68427108301456,0.67993557156528,0.675600060116001,0.685003571560512,0.694407083005023,0.682365649177061,0.675439979752426,0.674346332278274,0.68840671222134,0.674493120380331,0.662401189874628,0.639439568862085,0.637329153409507,0.641309839810872,0.62705929789818,0.626544707650356,0.602055183877847,0.600310484047493,0.587066601696683,0.603222389282512,0.59576595543177,0.593991274691639,0.592652902668491,0.591909733242318
"ISL","Iceland",0.799536871933942,0.799536871933942,0.808444899750668,0.817352927567395,0.839358053958876,0.861363180350357,0.86262597636782,0.863888772385283,0.8704375096814,0.862904438789956,0.871201491001815,0.8576540856619,0.856947362030555,0.844146287501979,0.804210840030789,0.786782986633406,0.801811665188427,0.801215566056913,0.804363903227393,0.80443840465612,0.814227816544115,0.809773000040715,0.815010679886658,0.822464050982572,0.824976495911001,0.818931304800464,0.826362384577097
"IND","India",0.426425400684857,0.426425400684857,0.428290083853501,0.430154767022144,0.437639313540828,0.445123860059512,0.421779609216865,0.398435358374219,0.398000423108401,0.405217058602259,0.429774147620874,0.435337735497855,0.418889940966191,0.419175369106348,0.401439747566865,0.398463458484116,0.391797212851696,0.390272981284657,0.393662389438243,0.406075969075683,0.416887824077799,0.426371411045034,0.441541620302597,0.438360258097416,0.4440126689895,0.444683834621826,0.450895776895113
"IDN","Indonesia",0.377268506303016,0.377268506303016,0.341972571266368,0.306676636229721,0.311849118631994,0.317021601034268,0.302129789235098,0.28723797743593,0.270645442619039,0.291513843804781,0.31357176534294,0.337793829271137,0.36083080628373,0.369711915363782,0.373089340058003,0.368176733202251,0.380790832640987,0.397399355620423,0.409609437536187,0.434225782770828,0.420378945844154,0.444004142868154,0.450397980648918,0.447853670174364,0.441135476452304,0.45326157911852,0.459521931683304
"IRN","Iran, Islamic Republic of",0.343904161564362,0.343904161564362,0.33794646111027,0.331988760656177,0.336640425174114,0.341292089692051,0.346049699776615,0.350807309861178,0.356560254893409,0.352681795112943,0.340359960324105,0.310590320763338,0.300580657197661,0.290689030643347,0.254561972090522,0.24244164030765,0.267538875410002,0.283658677910679,0.28577281278827,0.304717222089729,0.316819783238468,0.33139298915354,0.321942984113982,0.286375471727363,0.260758172717453,0.251209140715276,0.242546251246384
"IRQ","Iraq",0.148555452514678,0.148555452514678,0.158874555397034,0.169193658279392,0.168168293968973,0.167142929658555,0.173630561482734,0.180118193306914,0.177318480334001,0.108391502094188,0.146804385898993,0.145585794707499,0.143131744205565,0.168352121947261,0.198962170967812,0.192690446739467,0.22397118567249,0.213645845438093,0.207321533336451,0.189850289355403,0.191761246215996,0.18454591743683,0.181878805741523,0.170770172861406,0.171465108781559,0.167871637028136,0.187081627434029
"IRL","Ireland",0.806828485820734,0.806828485820734,0.811085704980679,0.815342924140625,0.814548103560953,0.81375328298128,0.811402196437603,0.809051109893924,0.792729927289056,0.777362458244731,0.800608497530646,0.826156005827185,0.83095670613021,0.831511302232696,0.817864308833439,0.80932136549224,0.797195221051835,0.788606615378608,0.797449716194091,0.818326872870871,0.815680082150252,0.79504791445888,0.782920850849785,0.787560604432985,0.776297020098619,0.780556751539009,0.786356010548058
"ISR","Israel",0.646918616320135,0.646918616320135,0.633804480662141,0.620690345004146,0.61954141215171,0.618392479299273,0.612263760993627,0.606135042687982,0.588781979240276,0.579863540808408,0.57817757798775,0.598667933162198,0.591410654600044,0.595284449916401,0.57389842393794,0.592453372238727,0.610676480866536,0.611246479668897,0.612033962229943,0.621224973001748,0.628732361840559,0.653052034828948,0.624043817902046,0.618057941405217,0.628680552078216,0.607008158908613,0.61185396871678
"ITA","Italy",0.667614600739837,0.667614600739837,0.661953934133193,0.656293267526548,0.659239963670363,0.662186659814178,0.655823575321064,0.649460490827949,0.634148603770829,0.617220770626261,0.620761919738233,0.619430280216226,0.609968068786738,0.61110331574342,0.59574630114822,0.605479042755298,0.600016900133688,0.591714141246071,0.587579671862817,0.574567105592173,0.572672819398514,0.57848741872371,0.578695107328903,0.579659873725677,0.596411799959554,0.587860149120807,0.598476078141654
"JAM","Jamaica",0.511352611472351,0.511352611472351,0.511924281233201,0.51249595099405,0.507074821510739,0.501653692027428,0.480109061480452,0.458564430933474,0.446644691451316,0.45196048260759,0.457653262171578,0.463000084119191,0.467860296530227,0.467413877897045,0.45911601676792,0.458775609082333,0.482615660721941,0.482621339651897,0.485984674134763,0.476532496626179,0.48469674188768,0.502594661885267,0.5022093794653,0.506146272926695,0.504838703967444,0.504442505828788,0.511562196761885
"JPN","Japan",0.725109052359096,0.725109052359096,0.717954614516938,0.710800176674781,0.71900582899081,0.727211481306838,0.707380980731159,0.687550480155481,0.723755243117125,0.732929409671084,0.738756578363547,0.755848852067609,0.737090221330888,0.737091621062869,0.740390209732528,0.744466667197491,0.751555532737759,0.758738279369694,0.766206437473925,0.775849217275794,0.772426810762675,0.771742617697092,0.781837185586479,0.770337525151264,0.771492937305253,0.774329003627832,0.782060955618864
"JOR","Jordan",0.513016170376877,0.513016170376877,0.528229960800313,0.54344375122375,0.54017999261762,0.536916234011491,0.510048226717645,0.4831802194238,0.543552616324576,0.537968795724219,0.531174571914424,0.516500267755259,0.539198775558308,0.544299191693337,0.520971676951925,0.509486096244502,0.511021756887649,0.512368881782813,0.506529973038765,0.514598273218827,0.51885197637633,0.513934624769657,0.51473446604268,0.50866720216642,0.506973683264323,0.518120119765293,0.511130654853753
"KAZ","Kazakhstan",0.346433803271628,0.346433803271628,0.359977667401151,0.373521531530673,0.363317129513219,0.353112727495766,0.356642010655036,0.360171293814305,0.384641497624288,0.362893047217057,0.391286657068356,0.382783443758978,0.404947615438732,0.412677386692171,0.43321970395616,0.418935483544605,0.387149247711365,0.374346946248086,0.377591232413407,0.414505565450787,0.423749941848253,0.423958540239136,0.441600041548378,0.454616874444706,0.461625714884805,0.454883859851153,0.458145989958929
"KEN","Kenya",0.341633171505557,0.341633171505557,0.33727089838473,0.332908625263901,0.329271320156784,0.325634015049667,0.331384794027565,0.337135573005461,0.330755427333519,0.347740195061563,0.332652687029663,0.344741548663025,0.326331457609381,0.317983903789935,0.320262685303439,0.346071641295042,0.336473393452777,0.325532247537605,0.341170859834985,0.355574197821074,0.349460107906606,0.353802612642151,0.365325334341164,0.37005366899279,0.371749101274577,0.357854045872435,0.373076692620562
"KIR","Kiribati",0.609178447997145,0.609178447997145,0.610832573911328,0.61248669982551,0.61158322303341,0.61067974624131,0.610538158375034,0.610396570508758,0.610364077524035,0.598553482897924,0.566869676066416,0.559151563117903,0.553750035709252,0.523676682127859,0.501334238160166,0.497336364827243,0.501193776610079,0.502309431811842,0.500264840396674,0.501994463581194,0.499987745625869,0.529231328867463,0.552359250867445,0.557538369694323,0.583669872314288,0.600722651673631,0.589362344574232
"PRK","Korea, Democratic People's Repub",0.236938388397978,0.236938388397978,0.243610691980628,0.250282995563277,0.259090605989691,0.267898216416106,0.280635373484018,0.293372530551932,0.269721790184747,0.257102603158437,0.260339755430564,0.236785960623347,0.261742768686583,0.268509183331567,0.242339702183592,0.226628155346821,0.226002710268825,0.235999273428823,0.216153309904954,0.190560277820083,0.18442931606398,0.192070735411261,0.194872889117425,0.199583943930153,0.196941293926534,0.192370647231468,0.195267962731282
"KOR","Korea, Republic of",0.609793305598446,0.609793305598446,0.602551786618257,0.595310267638068,0.599464097766819,0.603617927895569,0.613381461732611,0.623144995569652,0.619037490939249,0.626389155275588,0.644805509941323,0.614523169029874,0.654499022816176,0.622964557904114,0.639409291562284,0.63571321026577,0.646714741806378,0.633392624621718,0.64294232960982,0.641867424488462,0.63082472886994,0.646786823890386,0.657636454933964,0.679013317707643,0.679255174397683,0.677208843805639,0.684137194099473
"KWT","Kuwait",0.5819995461697,0.5819995461697,0.581458398174747,0.580917250179793,0.586236198546803,0.591555146913812,0.594623554244471,0.59769196157513,0.604513588095463,0.613846621547673,0.591070021160407,0.585012791914238,0.591744031915006,0.584603871338297,0.570928372505045,0.575359592736035,0.550705397592322,0.515397157110254,0.512161296294944,0.48827016986723,0.470947194620496,0.481578493253708,0.482504876083081,0.500925165962117,0.516091007800163,0.539324016062204,0.534554913070027
"KGZ","Kyrgyzstan",0.387146873303094,0.387146873303094,0.386438578442915,0.385730283582737,0.383008088706442,0.380285893830149,0.372950330944656,0.365614768059163,0.338082723672329,0.329936116842958,0.273725904967817,0.269200590741059,0.297616375718655,0.321670028519917,0.318107604377952,0.314621993635701,0.314310432692531,0.324026412179438,0.325273613691966,0.334392028911551,0.323931060999716,0.343753391399846,0.362102205416019,0.362906354025184,0.376755711900031,0.353426114141898,0.337868122136372
"LAO","Lao People's Democratic Republic",0.373621826205753,0.373621826205753,0.36149626491696,0.349370703628168,0.334290425788649,0.319210147949128,0.328528272897443,0.337846397845757,0.264549720803991,0.283590050658774,0.28138807534838,0.308710229415362,0.315176444925402,0.334381994550104,0.318891756555858,0.323131209583427,0.333396544624086,0.361403309508345,0.369057531353939,0.393813781209861,0.392134510634977,0.394079227463132,0.385283674460134,0.382906686053877,0.380943434861743,0.387545669713261,0.39816090050406
"LVA","Latvia",0.56597327798993,0.56597327798993,0.565529490900518,0.565085703811105,0.56234201801013,0.559598332209155,0.581002174469592,0.602406016730029,0.6350429636761,0.609632942098564,0.629401268057602,0.635279760320812,0.62824143868665,0.610193210620117,0.613262690094838,0.619833700926149,0.615636824364789,0.623732556755617,0.634974213378837,0.647260684494628,0.640458687054232,0.647308134088209,0.655166187958602,0.641491667870782,0.658900684228225,0.669568860267119,0.683460442749078
"LBN","Lebanon",0.40134159506922,0.40134159506922,0.399446773834658,0.397551952600096,0.410909081503646,0.424266210407197,0.426443154702838,0.428620098998479,0.422795278472481,0.422735542576274,0.408233561799583,0.324039026123908,0.307734474154385,0.325584364126564,0.349664667915689,0.349114143332047,0.346275505766478,0.339626453122161,0.33641172680294,0.319199807439196,0.322408341774897,0.317550216133608,0.317310467914772,0.30869621926401,0.297827501265179,0.285078668156999,0.270809044729766
"LSO","Lesotho",0.507676822573148,0.507676822573148,0.495896006142668,0.484115189712188,0.488881844946478,0.493648500180769,0.48241489576812,0.471181291355472,0.472739575296162,0.475840284798998,0.464572141115952,0.452734053002271,0.43117773682107,0.451639743071242,0.483000225148788,0.486952661065926,0.482786004452486,0.481223753395361,0.504195788192615,0.46705346141242,0.460565504916459,0.459508091425446,0.460164874592748,0.44422497395244,0.429515845779982,0.429728542368307,0.417944592982187
"LBR","Liberia",0.125860222088119,0.125860222088119,0.14452309539169,0.16318596869526,0.16995594848071,0.17672592826616,0.182836456831636,0.188946985397112,0.186959183591973,0.198332619739845,0.231148233916,0.293350455281526,0.321593408824225,0.284089631227794,0.313499085469047,0.349682425525293,0.34449573489814,0.350823095544657,0.351404348999974,0.347837591261207,0.34404190151516,0.347178986001436,0.354787133836449,0.347412744206754,0.338747075238822,0.335042884464676,0.346578297735556
"LBY","Libyan Arab Jamahiriya",0.265472421392204,0.265472421392204,0.266033501597328,0.266594581802452,0.285248807064096,0.30390303232574,0.30563828531932,0.3073735383129,0.336920261839266,0.352783918867039,0.343960857804269,0.329576940399253,0.372105160503705,0.386374532519534,0.363312778772566,0.316911625422035,0.252325749347147,0.229847567177013,0.191707978443224,0.141390843281517,0.134020888759854,0.122097348002628,0.124660258956844,0.118907674316272,0.10317930405963,0.106069257723816,0.126015298182276
"LIE","Liechtenstein",0.774923825452481,0.774923825452481,0.775265157236108,0.775606489019736,0.774637321764229,0.773668154508721,0.780843668032404,0.788019181556087,0.786389283583409,0.775426582087087,0.761750211957532,0.751036895450834,0.759057455791723,0.766323676927356,0.819547774099854,0.829242756787322,0.823246172853359,0.820229221790206,0.822991670034067,0.840269875562443,0.834534088955877,0.833159034031636,0.839657229627836,0.838498322735059,0.842956316694374,0.85647734172375,0.832018394736355
"LTU","Lithuania",0.624370749163848,0.624370749163848,0.617425889351417,0.610481029538985,0.599245694320344,0.588010359101703,0.606744893036442,0.62547942697118,0.642887546008938,0.636306443512269,0.628325692203224,0.631495104977994,0.62698841877435,0.62596811575901,0.624967804876756,0.640021649467295,0.633028003794864,0.655059315996928,0.665316511644733,0.670839949598023,0.682431674643809,0.684804572162085,0.672766691560937,0.663591583857067,0.682791698515477,0.690749838334763,0.703923852462806
"LUX","Luxembourg",0.844775286863392,0.844775286863392,0.837733878600562,0.830692470337733,0.848356568795418,0.866020667253103,0.869195764768181,0.872370862283258,0.836897307419715,0.842494623461285,0.824624555505155,0.83584521760908,0.850644582229686,0.849699128024584,0.848181577754619,0.855675313687726,0.864233545751595,0.856155051067979,0.85771325341755,0.854310944010136,0.858121630978272,0.854587867573782,0.84179311741303,0.856012439986538,0.853242847240557,0.852325430119744,0.844255872326322
"MKD","Macedonia",0.413882741963576,0.413882741963576,0.407213960571435,0.400545179179293,0.398733933947056,0.396922688714819,0.385323195363354,0.37372370201189,0.388774969483427,0.425267295069163,0.398277050893751,0.416263619460432,0.442573385120504,0.467484265473228,0.476204760834407,0.471454875555471,0.466889228908403,0.478771678166245,0.481966040814402,0.529489263659321,0.484000420384481,0.474885741666733,0.482163986713239,0.483912588025363,0.485927653880958,0.49787450447268,0.504226119123137
"MDG","Madagascar",0.425151829464955,0.425151829464955,0.422950938775571,0.420750048086187,0.433574698843984,0.44639934960178,0.45696138923694,0.4675234288721,0.488263960677212,0.461589640590521,0.466367967568654,0.465221229986335,0.461977032081556,0.425775329259837,0.388778069347417,0.362951486013949,0.372664179785688,0.366485812817746,0.352025475134617,0.358085542565104,0.361752862424486,0.360947042063408,0.350464043486506,0.341227017593345,0.341711796506221,0.340829220304532,0.337985758633958
"MWI","Malawi",0.431549132394924,0.431549132394924,0.444610400443634,0.457671668492344,0.449515186727204,0.441358704962065,0.419793131050642,0.39822755713922,0.427040362574595,0.424242634081573,0.434299616253693,0.435928300635828,0.442715664170368,0.441252316316611,0.451152309788115,0.437637904759946,0.429030376374578,0.427496901371353,0.416047879510498,0.407128238905507,0.401723271182405,0.391405348270601,0.396165549822889,0.386416338759122,0.392669381242239,0.424700228233343,0.429453114269026
"MYS","Malaysia",0.613213775048246,0.613213775048246,0.591636529018702,0.570059282989158,0.564227972434612,0.558396661880066,0.571530760166094,0.584664858452122,0.593405381208555,0.581098990737507,0.589041478599345,0.575462881011165,0.563071628102925,0.527988306098977,0.526703387699381,0.56123808285959,0.553671788403251,0.556495907202575,0.568449794749731,0.601771579662058,0.581773919204592,0.564603679133705,0.562285514820549,0.5879219151854,0.576189841294337,0.584431234685251,0.581120942038875
"MDV","Maldives",0.573256925014738,0.573256925014738,0.574093444112315,0.574929963209892,0.587895108596155,0.600860253982417,0.593798646073374,0.586737038164331,0.591979109663622,0.492052313415329,0.542473102122963,0.518599364939149,0.452677321833866,0.421031233155291,0.427596043565169,0.429333614818537,0.414290226019981,0.399713574052838,0.405621606934824,0.466347340817505,0.44413093831445,0.440966777137361,0.415634225660307,0.405912196045117,0.444469917438475,0.461492565346943,0.468126844177484
"MLI","Mali",0.43226923731791,0.43226923731791,0.437185448571526,0.442101659825142,0.437924451148212,0.433747242471281,0.43515986968505,0.436572496898819,0.443332302853241,0.447027841404102,0.446305365858219,0.455603293442412,0.45930366364635,0.443624539619999,0.421709823689321,0.409478023533893,0.389848772107411,0.313097355367066,0.320166729792632,0.322712799270062,0.324243437265068,0.325274559108362,0.315198059378732,0.304411813655107,0.296050397682723,0.286860394371725,0.276074980524161
"MLT","Malta",0.686391140500044,0.686391140500044,0.6961579593675,0.705924778234956,0.725392960174451,0.744861142113946,0.742642456602334,0.740423771090722,0.754064298250096,0.726830731068993,0.730516654477085,0.744379342019772,0.751071574396673,0.752464238369419,0.739928931891334,0.741202522053915,0.720432618358421,0.732936906350474,0.732178968545268,0.711173141199634,0.71268230167599,0.695548271438171,0.717476289256793,0.708016012067389,0.653489604983383,0.6721358306775,0.645016504519303
"MHL","Marshall Islands",0.5096711345038,0.5096711345038,0.510676458113907,0.511681781724014,0.536258143495901,0.560834505267788,0.560692917401512,0.560551329535236,0.560518836550513,0.558546003475481,0.539829920385906,0.49375848553666,0.499698120893084,0.488846885172234,0.478048652242022,0.469151189178867,0.488574672963976,0.486225803914936,0.504235335157811,0.484377886490754,0.470731613268909,0.461431132543668,0.500823738109378,0.475316472838323,0.482243960361885,0.483658687669443,0.488173237439744
"MRT","Mauritania",0.441448393410709,0.441448393410709,0.442149872387769,0.442851351364828,0.448144733705356,0.453438116045884,0.47596690259273,0.498495689139575,0.462219222349255,0.429386518890243,0.407475296780452,0.40766819039366,0.398073171701465,0.338780633972992,0.353970901520772,0.32908537794275,0.329482693205832,0.329340420729329,0.327074613864917,0.339098791222019,0.334809482627612,0.353066854515262,0.362714360415085,0.35362749970917,0.3600131724052,0.353135033477098,0.340956241416822
"MUS","Mauritius",0.589248803615227,0.589248803615227,0.601024581448533,0.612800359281838,0.611868807404742,0.610937255527646,0.622096322291589,0.633255389055532,0.623443552338651,0.616446640051672,0.625628944192814,0.615367655597412,0.625135310185843,0.648634034973258,0.640917104083569,0.640731548725019,0.653496180233604,0.654869380261754,0.64898147731875,0.655060519269162,0.659134909646678,0.643119640465237,0.641231688069912,0.640056645220817,0.63694346263087,0.671323355108082,0.6665595623804
"MEX","Mexico",0.403754250154097,0.403754250154097,0.423313029527898,0.4428718089017,0.461082806037124,0.479293803172549,0.48456157103323,0.489829338893912,0.481312249763654,0.470774285278425,0.45238024968847,0.45005783319104,0.442731296335998,0.43141532059287,0.432765411461914,0.426285295483488,0.428292121701669,0.440287628868391,0.431195216197827,0.414853939743065,0.41095725427789,0.409929434316152,0.395921922198008,0.394843465840083,0.384274699969158,0.381801544286152,0.366509528635434
"FSM","Micronesia, Federated States of",0.609827746755687,0.609827746755687,0.611481872669869,0.613135998584052,0.612232521791952,0.611329044999852,0.611187457133576,0.6110458692673,0.611013376282576,0.635904678387972,0.618618870290625,0.622025448355009,0.58317610516787,0.539012473978242,0.528698462455774,0.508924869825358,0.482171999492386,0.49898260300714,0.498412178364217,0.527056945454751,0.520821445231884,0.538036709778642,0.549390006996554,0.545152196901601,0.547538559799099,0.56148821309347,0.568854764750413
"MDA","Moldova, Republic of",0.468269367607196,0.468269367607196,0.47789140251699,0.487513437426783,0.452815351568106,0.41811726570943,0.403241593766789,0.388365921824148,0.398889997061748,0.393631559802322,0.406161431124225,0.406638953722737,0.424606883650082,0.42336213040548,0.40825640753847,0.423023055332712,0.442923066174684,0.447257837987198,0.43655853551834,0.435057031780203,0.414642958197721,0.403520760723759,0.419992838644031,0.421514394670084,0.426655521687214,0.432722932930774,0.451976427848841
"MCO","Monaco",0.719514208454306,0.719514208454306,0.72282246028267,0.726130712111035,0.724323758526835,0.722516804942634,0.722233629210083,0.721950453477531,0.721885467508085,0.716280465040869,0.704291108155688,0.72278526784643,0.714784569992482,0.716529311957773,0.716182854805149,0.709019244055072,0.721371802154424,0.7206166657186,0.721539381939617,0.718709834488383,0.715996410945964,0.717955382836041,0.770920025715391,0.769000069407922,0.766535945697292,0.707429301641958,0.70867553932985
"MNG","Mongolia",0.542021726029524,0.542021726029524,0.534831209192633,0.527640692355742,0.520643245679727,0.513645799003712,0.537193761798076,0.560741724592441,0.517733288434161,0.504280930910426,0.470138103373211,0.46474182916628,0.464849749979144,0.453341022288189,0.456534634227526,0.455009012755558,0.463522815516722,0.462924499856782,0.46156795159651,0.479102019400238,0.469562935924568,0.494447846925807,0.490244355541835,0.502956621889619,0.495049273017534,0.491244371348497,0.478528020209389
"MNE","Montenegro",0.487278868097551,0.487278868097551,0.487278868097551,0.487278868097551,0.495142157959858,0.503005447822165,0.50255578291957,0.502106118016975,0.465357548820734,0.460191579800249,0.470473464312327,0.444519591351508,0.469070007987589,0.513564489631607,0.525356842223744,0.509220991053481,0.510787519170279,0.519204105335761,0.51033752615344,0.516663604216051,0.513596355653788,0.517421428727311,0.508729988443496,0.52592765085791,0.525937721417733,0.519598223794915,0.513072190428785
"MAR","Morocco",0.492820558401807,0.492820558401807,0.510869399738206,0.528918241074605,0.509295914256512,0.48967358743842,0.480262671551039,0.470851755663659,0.446617174431665,0.460187812153893,0.418884463851879,0.428802888057463,0.431491697755974,0.425852897797036,0.446499986243804,0.455990369726368,0.43702910225239,0.433746631621089,0.435217837900276,0.457641594768427,0.46052453004519,0.459412693237304,0.456146077086613,0.448555037210082,0.44890679077816,0.451674736223846,0.441727251170085
"MOZ","Mozambique",0.410322301017532,0.410322301017532,0.419011333669818,0.427700366322105,0.423474164051248,0.419247961780391,0.42216636124334,0.42508476070629,0.410755415862535,0.409216813929927,0.408999360923829,0.427503859847557,0.426612267379517,0.434963927048289,0.453285820423944,0.447612924266782,0.436024723354509,0.433785112297629,0.396828860981126,0.387929859660881,0.367729677923719,0.315485172831851,0.327794266609709,0.331001770346606,0.331333421275592,0.313084488362176,0.313325061224007
"MMR","Myanmar",0.201036740798937,0.201036740798937,0.199640597886557,0.198244454974176,0.190065232019248,0.18188600906432,0.181108648601121,0.180331288137924,0.18360028254522,0.163390947838307,0.184315044837225,0.186136401066042,0.174182214464121,0.176989490604291,0.165051478437099,0.163355822284137,0.187908521576724,0.242596192368813,0.259938409616507,0.276703947163578,0.281544252031481,0.34498520400726,0.334835602999839,0.326135744464066,0.3197161185403,0.310943878754173,0.226740109799214
"NAM","Namibia",0.615626615880089,0.615626615880089,0.606828366020058,0.598030116160028,0.577824199470803,0.557618282781578,0.557660981744299,0.557703680707019,0.558909872267931,0.54769281187293,0.541541591005524,0.565383682096033,0.574082407353395,0.630831574373828,0.581981977292151,0.577819171721794,0.569916533580126,0.58538002842687,0.584690760514648,0.557327072370307,0.566603160756722,0.5741603071854,0.555465667468539,0.568955934264182,0.564725517523323,0.561506397530466,0.55816568806435
"NRU","Nauru",0.537190007681624,0.537190007681624,0.538844133595806,0.540498259509989,0.539594782717888,0.538691305925788,0.538549718059512,0.538408130193236,0.538375637208513,0.536402804133481,0.531328478162894,0.540241336479981,0.518661153502907,0.501638024613066,0.512094913445749,0.535967138928356,0.518838835368116,0.521772107412007,0.47234667876618,0.389788689602984,0.381019962699971,0.444692370770606,0.406728144030092,0.46271668668517,0.470003741297056,0.485366080834341,0.49342589235893
"NPL","Nepal",0.442169384098628,0.442169384098628,0.428373886726,0.414578389353371,0.395609962774429,0.376641536195486,0.361829303633356,0.347017071071226,0.336455419453583,0.292180912479993,0.302477199132065,0.324418354406552,0.317943567381586,0.311378740649128,0.31362151267533,0.309236192611108,0.315804640885871,0.319852863739236,0.33620240719682,0.36331119322068,0.352483006191271,0.342365553717803,0.363881996281437,0.37967871269592,0.382753159090562,0.402052311623902,0.407754783856005
"NLD","Netherlands",0.861925977978859,0.861925977978859,0.865321942047937,0.868717906117015,0.877704886700014,0.886691867283013,0.868868527103503,0.851045186923993,0.835925378437902,0.832247079977185,0.825385859994688,0.828547379811001,0.835883211098131,0.834034385299986,0.837719819446216,0.837393533562399,0.848124002346075,0.850858496751721,0.84415929564923,0.844075858498937,0.833588971492065,0.840454928102712,0.833584788126169,0.836766373143111,0.827009201714493,0.82890258793975,0.830774472577262
"NZL","New Zealand",0.866167716128403,0.866167716128403,0.868114159961458,0.870060603794512,0.863613640669147,0.857166677543783,0.85575758400938,0.854348490474979,0.857147798882345,0.879531202414483,0.853486782208319,0.861748102193136,0.863586130952523,0.864283030578072,0.869824493494611,0.870459759817946,0.883400175859235,0.877246849610485,0.880821774761129,0.889325979427417,0.891337117477308,0.894806634435612,0.896825966249541,0.883939924228806,0.87268497446519,0.875092771051983,0.869463660156117
"NIC","Nicaragua",0.400155201606536,0.400155201606536,0.392301796623615,0.384448391640695,0.385404291632945,0.386360191625195,0.399730198072775,0.413100204520356,0.404365945774148,0.405954904633876,0.399905697094784,0.393885094754218,0.391817208376604,0.387833265453972,0.387018099017928,0.381135420228349,0.395007974221008,0.390841029831424,0.400645813647626,0.394094365653542,0.391340612720857,0.390577593843407,0.384253641058576,0.315760939312346,0.307849918617985,0.318525676137233,0.303024076474615
"NER","Niger",0.372617398491,0.372617398491,0.36456380042485,0.356510202358701,0.366974727497416,0.377439252636131,0.37266980598856,0.367900359340988,0.389493510282448,0.363675638216788,0.38377582459444,0.3866492751424,0.380910966764651,0.374891957485622,0.367416298490004,0.36193533635049,0.378748232458649,0.352782202604519,0.348172921919246,0.342852166480559,0.352899705105175,0.349528231409729,0.340418448417054,0.348761835748964,0.349661565859667,0.329308453609968,0.344432307369094
"NGA","Nigeria",0.277077279940088,0.277077279940088,0.291584831932945,0.306092383925802,0.284584484102778,0.263076584279753,0.238557947765245,0.214039311250739,0.215132261814235,0.212466606019949,0.256857633926976,0.250199498543919,0.257788045669351,0.278967721513375,0.262074643997793,0.252901034455622,0.257122789163107,0.255011743930498,0.25305427564168,0.243449518253078,0.267403915970508,0.266139410954541,0.26662984863753,0.263414616905462,0.266408346476573,0.268930646124291,0.275922147481676
"NOR","Norway",0.858069687992974,0.858069687992974,0.855950396730087,0.8538311054672,0.844386813240072,0.834942521012943,0.839559920785834,0.844177320558724,0.82672252740214,0.83123354877845,0.840015025977767,0.835133661958924,0.825970116520921,0.830355981071632,0.835745565378774,0.846582473960937,0.853828998596545,0.860566970991553,0.87066452844602,0.858796556630934,0.858746955742777,0.86320111943347,0.869454716942952,0.855854532758857,0.857875017886011,0.857583785067834,0.849470800332413
"OMN","Oman",0.595276784879533,0.595276784879533,0.597019738602432,0.59876269232533,0.611225193221429,0.623687694117527,0.63689839661692,0.650109099116311,0.636318961927071,0.645092813382619,0.60733943153225,0.60222286051036,0.612510457728519,0.63422913626334,0.609605097821345,0.594221121535121,0.566893682171018,0.580708017683868,0.577962716193073,0.609231029373802,0.597671635056068,0.603867026889324,0.590366162596504,0.57496192482327,0.594581499600834,0.586547222962758,0.565190876447888
"PAK","Pakistan",0.327584962768494,0.327584962768494,0.324104181749019,0.320623400729544,0.318363372214734,0.316103343699924,0.301838422041277,0.28757350038263,0.303120736143951,0.265537175376624,0.290322847992935,0.302195001523481,0.28028071971684,0.262395462906205,0.256478710372337,0.257840520618175,0.242433538574519,0.24644823956878,0.257920467965917,0.279693678386102,0.280574989970713,0.273714138579682,0.289154984458246,0.29538864855117,0.289816811422463,0.307153061716513,0.317806897313719
"PLW","Palau",0.538815926789628,0.538815926789628,0.54047005270381,0.542124178617992,0.541220701825892,0.540317225033792,0.540175637167516,0.54003404930124,0.540001556316517,0.538028723241485,0.532954397270897,0.541867255587984,0.538665849407422,0.530167092094321,0.537434976365278,0.529295121585257,0.51615542499824,0.516200928868385,0.505099636685329,0.490122184835994,0.48301760968893,0.524755974567871,0.496357981013965,0.518478466761558,0.5285711461348,0.508997165581417,0.52000136246298
"PAN","Panama",0.519711720830282,0.519711720830282,0.532022649414628,0.544333577998974,0.529847043538822,0.515360509078669,0.517290632708713,0.519220756338757,0.492412068289108,0.496057556334568,0.475888402862873,0.486238261059222,0.491063641499442,0.517053872955412,0.500929747237576,0.496039859754597,0.508328559795641,0.484041927994815,0.483925514358508,0.510353654719424,0.512111194775697,0.51441895276799,0.507981654820686,0.492315147832136,0.490413039412087,0.483677640860399,0.479058614126458
"PNG","Papua New Guinea",0.39253201799947,0.39253201799947,0.402419666079257,0.412307314159044,0.403358107757157,0.39440890135527,0.37600517376955,0.35760144618383,0.35300684048717,0.344013450642698,0.297389355503233,0.320234406381219,0.333373405856689,0.329171061953837,0.323291722729325,0.333650125587549,0.344382262220715,0.356002230182075,0.352535921384846,0.379688003446335,0.361659186982839,0.361906726786591,0.348392069417901,0.360656328569408,0.349487024894828,0.37021488223076,0.356021314969841
"PRY","Paraguay",0.35837226629768,0.35837226629768,0.342098019206058,0.325823772114434,0.311395399549785,0.296967026985136,0.292243361273344,0.287519695561552,0.297963120530725,0.310328793102261,0.306071129230142,0.319522688196574,0.324461155079356,0.345487496245791,0.356416791094645,0.366902957876242,0.376934996999521,0.363019071129279,0.360383714342452,0.400419959157115,0.406382996925323,0.421465987968224,0.416642156302725,0.417212155858098,0.418189837325772,0.428471981145752,0.406484418554895
"PER","Peru",0.423874208570177,0.423874208570177,0.435383165934435,0.446892123298694,0.432261941398956,0.417631759499217,0.41555547391747,0.413479188335723,0.42004330231615,0.416606961600625,0.405029187050981,0.422346593507496,0.428080746678241,0.431922583931762,0.41980946405449,0.436231098743527,0.446959020023542,0.432968776748852,0.432969711214243,0.441866493402219,0.450543888615808,0.470197132150849,0.453094454027119,0.452842723130319,0.46917585188464,0.463359960217421,0.427083606467253
"PHL","Philippines",0.46528103471764,0.46528103471764,0.473858259760249,0.482435484802859,0.438305848924748,0.394176213046637,0.400834942732915,0.407493672419193,0.366104693659055,0.338939662617811,0.386303671115727,0.351073888830636,0.359399177045148,0.349983326807453,0.348786789517846,0.348418364824578,0.370079441028686,0.394431322508118,0.411832143306888,0.43190605451491,0.423086631752202,0.400043294163795,0.406614425395425,0.398493770901574,0.407713471799714,0.417282245718995,0.405251866794334
"POL","Poland",0.65218184541206,0.65218184541206,0.652755502230232,0.653329159048402,0.637369021631305,0.621408884214207,0.621316324228931,0.621223764243656,0.609592419231522,0.572907202419384,0.595346091347201,0.585693987903072,0.606016007801569,0.636240917491153,0.647619828345039,0.66111752811245,0.667128850150748,0.674750178798888,0.674527788186137,0.673114589068471,0.670043919607634,0.645080846965736,0.627589739275774,0.624149987013105,0.634008580091621,0.630114155804473,0.620530463771184
"PRT","Portugal",0.759875732825225,0.759875732825225,0.753874187824753,0.747872642824282,0.740249838904084,0.732627034983886,0.746303172815538,0.759979310647189,0.745190371244228,0.727952069837051,0.730425056279662,0.701789422114481,0.699481854260674,0.709706444299524,0.699426584729566,0.680062040943346,0.67595200791955,0.682005126273589,0.677358587081529,0.681067097989155,0.697355107475045,0.689419355082448,0.699763835998276,0.698268813332931,0.696073957916372,0.688238538286678,0.679452958792114
"QAT","Qatar",0.521580430013711,0.521580430013711,0.553706868787867,0.585833307562023,0.594911057981595,0.603988808401168,0.609419548487966,0.614850288574765,0.612795924884421,0.60393328382609,0.628111412212583,0.641039184622191,0.626965707842966,0.66861260900453,0.722520740938618,0.703375318984801,0.67170764568613,0.701519724382605,0.70124328336437,0.67133658026448,0.667122050779723,0.665326068398647,0.62845606429436,0.637461442395835,0.65022969473312,0.667702113066302,0.678038283650198
"ROU","Romania",,,,,,,,,,,,,,,,,,,,,,,,,,,
"RUS","Russian Federation",0.330658226015022,0.330658226015022,0.331965290821028,0.333272355627035,0.320967013240816,0.308661670854598,0.33503015332068,0.361398635786761,0.351435806604139,0.339656527432972,0.345464110877408,0.341275037658164,0.34440613726119,0.338271548350199,0.340964052634482,0.34455158758696,0.345348446417983,0.347259411500549,0.353807817756841,0.350896369904192,0.336227068367375,0.352199327820733,0.357170570310194,0.362817903357353,0.372128887392344,0.358631795244464,0.353694239870063
"RWA","Rwanda",0.239795664740905,0.239795664740905,0.236768582138769,0.233741499536631,0.243050617663559,0.252359735790486,0.271446223382392,0.290532710974298,0.330841244744964,0.351885641250602,0.330999541410078,0.393826380555286,0.424368426805132,0.444773103516293,0.445218939270607,0.483343465689745,0.491490326135026,0.505896639612978,0.524641843811925,0.545960778815377,0.549129553362649,0.543103700833153,0.553861421712358,0.548134956417462,0.540684090561091,0.543526634715282,0.55734790840901
"KNA","Saint Kitts and Nevis",0.60899132321468,0.60899132321468,0.610645449128862,0.612299575043044,0.611396098250945,0.610492621458844,0.610351033592568,0.610209445726293,0.610176952741569,0.620136467221432,0.733556259635102,0.727411568108443,0.6986752359857,0.71871320611234,0.730882960481906,0.726016015181237,0.720142230540452,0.717889365888796,0.716741969151734,0.52273158289402,0.616697021196946,0.617574602059527,0.61229570932372,0.61034058212636,0.603322051234673,0.616037489587676,0.620262671281
"LCA","Saint Lucia",0.609929441150246,0.609929441150246,0.596842996746228,0.583756552342211,0.601637382859357,0.619518213376502,0.600869069289029,0.582219925201555,0.616888120816742,0.617526651861336,0.718506453413477,0.704348106755766,0.675744298936103,0.671248947529691,0.67653418598382,0.669234320508601,0.675516217195495,0.651782944360855,0.653247411069628,0.609573017456337,0.62819443695342,0.626599518407023,0.628648637485345,0.628485953173411,0.619700722907959,0.624336832204958,0.622176860398392
"VCT","Saint Vincent and the Grenadines",0.609299276412853,0.609299276412853,0.612639547117441,0.615979817822029,0.61743393323057,0.61888804863911,0.600238904551636,0.581589760464162,0.598833640464963,0.611743940371057,0.715882327477308,0.69065820149366,0.662731889815931,0.670389589016719,0.66859624019787,0.65688979395541,0.665970524677468,0.663302799883689,0.657137650537615,0.6248480570233,0.630258422318315,0.621533086389047,0.618669404863371,0.621023274634913,0.62554771384284,0.642180740777045,0.639647064988363
"WSM","Samoa",0.605542744682153,0.605542744682153,0.60680306436858,0.608063384055007,0.606098277757916,0.604133171460823,0.605002542815003,0.605871914169181,0.610968948900944,0.586449643200304,0.615490343724413,0.613150726748341,0.605437345288937,0.591101027070236,0.573072087980149,0.564857444492075,0.571776984636321,0.571906669781921,0.578610353473597,0.599961217142202,0.60661179214854,0.611405779679069,0.636847523448008,0.633556942298127,0.638056017534393,0.637261571078609,0.621405209935585
"SMR","San Marino",0.719514208454306,0.719514208454306,0.72282246028267,0.726130712111035,0.724323758526835,0.722516804942634,0.722233629210083,0.721950453477531,0.721885467508085,0.71793980135802,0.707791149416846,0.72561686605102,0.719214053689895,0.715067586234059,0.751257207328995,0.751150233751923,0.723040059248677,0.718744799577342,0.721356249664876,0.715805793421473,0.709775122518332,0.712435698146753,0.705910862334168,0.703782790449193,0.707966547752541,0.707429301641958,0.70867553932985
"STP","Sao Tome and Principe",0.551361545204411,0.551361545204411,0.552106955788686,0.552852366372961,0.550843713692474,0.548835061011986,0.532755962643292,0.516676864274596,0.469755390507041,0.442776186020642,0.424292330080821,0.442526119511619,0.439621546851614,0.431961984840944,0.425184312570129,0.417586619547795,0.422014553567845,0.416618204301273,0.419322661675222,0.430739492888677,0.428493394882351,0.432808572922137,0.44220119357857,0.456688176016438,0.453446240254024,0.451426440522164,0.462150905127213
"SAU","Saudi Arabia",0.474997127707937,0.474997127707937,0.47745051058864,0.479903893469343,0.483228784797,0.486553676124658,0.497400820075003,0.508247964025348,0.507949418782524,0.459572678577146,0.490252601217696,0.466737044367439,0.476517792988337,0.49618969607586,0.489943697550277,0.509798962447534,0.467732841754536,0.49087178732578,0.4935001802439,0.500797452433853,0.484678201771877,0.51518104691051,0.499940481344264,0.498709421355687,0.496276902158658,0.515510073042018,0.52263818264449
"SEN","Senegal",0.452734958222768,0.452734958222768,0.450224014827173,0.447713071431579,0.45672918368496,0.465745295938341,0.480671758805908,0.495598221673474,0.465457259396034,0.489748718214502,0.478947613213498,0.440232749314906,0.430272907016221,0.436028930859023,0.431083418891467,0.412080103608146,0.426602379236156,0.463407661513392,0.473483092477085,0.480343060962447,0.48315216126041,0.477530132747211,0.478678923056502,0.479563659364519,0.487285211395255,0.468696701314347,0.464889086762191
"SRB","Serbia",0.2946169007973,0.2946169007973,0.26654752650221,0.23847815220712,0.249123595060539,0.259769037913959,0.306193501479002,0.352617965044046,0.374004440242961,0.392593864929547,0.368549638215844,0.410459929778406,0.412644691160288,0.41813647834775,0.431006338723969,0.441305366391086,0.456004123796903,0.452453344437716,0.4623268309222,0.500230728717946,0.500382931478968,0.48388918920456,0.472711779186992,0.479195179344731,0.474214327935726,0.470204137364637,0.46934903219487
"SYC","Seychelles",0.623401806700135,0.623401806700135,0.625187276800368,0.626972746900601,0.633919705859311,0.640866664818021,0.638819978771771,0.63677329272552,0.64683516953493,0.57860867171191,0.605954677208028,0.578520160074075,0.571359420532684,0.581950191169263,0.566436688619928,0.575597915603651,0.573254591584839,0.563879100961761,0.574982690228722,0.54993474218566,0.624938440817733,0.610708922644716,0.598050885218705,0.599772216393571,0.617023453623562,0.630677222898012,0.646543622609942
"SLE","Sierra Leone",0.242084117626272,0.242084117626272,0.235322330183516,0.22856054274076,0.23347657469094,0.23839260664112,0.266340599061916,0.294288591482712,0.287280507266349,0.318833637444953,0.308004812977781,0.324848765771245,0.343840998091882,0.340797936242226,0.350745571670537,0.362922946624094,0.36693487160801,0.35729662016581,0.363929335950525,0.356497412700688,0.364278738902341,0.362951079603704,0.382800569101137,0.387194977345356,0.391168534411525,0.386196087810064,0.382317388409323
"SGP","Singapore",0.840001063234898,0.840001063234898,0.833959729030594,0.827918394826287,0.833554472247213,0.839190549668138,0.843271072203501,0.847351594738864,0.828477571434886,0.849191803083136,0.84552163232926,0.845043424323968,0.848892641246144,0.859171601797528,0.844264177460881,0.84512978019806,0.844185649273205,0.864278773018138,0.860898705491766,0.871726503816141,0.879226570610886,0.883263755812977,0.887924960996942,0.8863434556376,0.889517999334177,0.890026969689248,0.892955425319158
"SVK","Slovakia",0.593649777608692,0.593649777608692,0.591392428585774,0.589135079562856,0.588009386747914,0.586883693932972,0.592686653687859,0.598489613442744,0.620591767662532,0.623524863994076,0.646646383844797,0.635183036620056,0.63311126337268,0.645995475819923,0.635160785840788,0.638877809713907,0.636161411837357,0.62838196501308,0.621865486798113,0.621569881918712,0.610610158865708,0.617825685719423,0.615540872853167,0.613236009178735,0.618629660612282,0.626731209248948,0.617717279701831
"SVN","Slovenia",0.729135870373928,0.729135870373928,0.730705680511823,0.732275490649718,0.700475674117746,0.668675857585775,0.67848626581266,0.688296674039544,0.69024271706845,0.693794488459286,0.688164453174613,0.691431651366904,0.693550502984777,0.697060220448059,0.700666814850176,0.678993607061019,0.683635259233981,0.670761348245794,0.661421734017061,0.666873483068283,0.66585512477745,0.676088979693362,0.66480737867362,0.674620982926456,0.694172749541085,0.676792345162777,0.668109120007071
"SLB","Solomon Islands",0.555579603474921,0.555579603474921,0.557673764884907,0.559767926294894,0.510824286567779,0.461880646840665,0.457801124811969,0.453721602783274,0.493236467864869,0.413407662139407,0.418192110007515,0.408990365893116,0.395805171354906,0.400472883071262,0.401649885730359,0.406068595508514,0.417761900739843,0.412024209683664,0.411909464509941,0.428489099343978,0.439763660397246,0.442551895077249,0.468289740768049,0.466112442108215,0.475858826344038,0.491806119516966,0.455173488802623
"SOM","Somalia",0.0992153004915942,0.0992153004915942,0.114504494922913,0.129793689354232,0.133784134046068,0.137774578737905,0.140561582048138,0.143348585358372,0.10554634224981,0.0484512366978993,0.0707609533866703,0.0459868721687269,0.0240374841463792,0.00139489167182502,0.018193010952768,0.0361501235686568,0.0406041301789476,0.0584216710892152,0.0650159837363493,0.0800625295925654,0.090604641261946,0.0833092730711313,0.0889630303774847,0.0882572222553471,0.0793282831053232,0.0861870589792696,0.08293787115415
"ZAF","South Africa",0.557826560199566,0.557826560199566,0.553066403805154,0.54830624741074,0.553206117647797,0.558105987884854,0.553073671675977,0.5480413554671,0.546998721846713,0.553893183426492,0.557849437560478,0.571842594264304,0.552314280500057,0.545951972087587,0.530264481066991,0.53153670423113,0.531441543303732,0.514386759547345,0.517758055917217,0.507766620718568,0.503421839238018,0.508199112699919,0.485296522051037,0.474614212384592,0.486908315744308,0.484099104020045,0.47584859233281
"ESP","Spain",0.703723622268018,0.703723622268018,0.706459354916487,0.709195087564955,0.718964382012057,0.728733676459158,0.725815004951544,0.72289633344393,0.70355159089074,0.695313441040008,0.706280405765814,0.676667664131558,0.669153426804048,0.673746544446554,0.657970041329699,0.669353583906196,0.67991375943456,0.666063214229421,0.652525390100736,0.636705542925468,0.635599326900229,0.652912743647064,0.643606259022576,0.647721530675873,0.657475093951425,0.645389119685473,0.652892014065543
"LKA","Sri Lanka",0.433569319952487,0.433569319952487,0.439012835970694,0.4444563519889,0.434491650015613,0.424526948042324,0.451812984913262,0.479099021784198,0.464453416985828,0.455335217885413,0.41989448478966,0.42506997744525,0.410223101187455,0.393138525932166,0.402119262898248,0.419387032624599,0.435791405062226,0.445599766539401,0.441845075058518,0.455394261586124,0.486157168269041,0.485702968040432,0.467787658988803,0.467844252519592,0.468835577378501,0.470742250813513,0.452833195179023
"SDN","Sudan",0.172948298584639,0.172948298584639,0.183614145821559,0.19427999305848,0.196311729453097,0.198343465847714,0.216632638406344,0.234921810964973,0.203194013765381,0.229343239128862,0.187922404271131,0.214456263690276,0.188969244023418,0.170868124205336,0.196694967046647,0.186479625204992,0.195304811218832,0.184254683171348,0.186760676399188,0.187452984322093,0.190880344715006,0.177197804617953,0.196126151337521,0.205393316504517,0.208700074305501,0.218595309350952,0.21280968444847
"SUR","Suriname",0.50089113129409,0.50089113129409,0.508472694245205,0.51605425719632,0.511468266297135,0.50688227539795,0.50271588487706,0.498549494356171,0.509433154362618,0.489234073430703,0.492206099357239,0.458479455913176,0.459204600488953,0.466581423805606,0.457083350483811,0.450699531295638,0.459762335843611,0.459388353586439,0.467182897489075,0.448982004295965,0.459236424218247,0.452300751885713,0.463050507896822,0.456848327566281,0.44681799338842,0.451334784950017,0.455547217431651
"SWZ","Swaziland",0.458763020344539,0.458763020344539,0.461235517673817,0.463708015003094,0.460195352739225,0.456682690475355,0.454786105055406,0.452889519635456,0.456676025859471,0.422264171892607,0.404748635777514,0.440540676294453,0.439208490549094,0.453204911846053,0.458986563722112,0.453733889943441,0.42455509056188,0.43041810139409,0.43896257521645,0.439682139413601,0.444254794276966,0.439057405907321,0.463423715446815,0.43726625909022,0.426252930046278,0.437920251153376,0.407069545963034
"SWE","Sweden",0.843370543842888,0.843370543842888,0.837055294870434,0.830740045897979,0.837983633565748,0.845227221233517,0.853292360221545,0.861357499209575,0.855754562243832,0.858000209263117,0.837993726484904,0.845714182956172,0.85609356183516,0.85309686356426,0.855621780131011,0.853661336714786,0.867646930666684,0.872222673003044,0.869074291121133,0.855755537980249,0.857393330560843,0.858464587686032,0.847416781546927,0.845859308169699,0.847956797347267,0.840365085830706,0.841059181240714
"CHE","Switzerland",0.851056262835519,0.851056262835519,0.854525559645709,0.857994856455899,0.865072597656777,0.872150338857655,0.869548589806318,0.866946840754981,0.848124541168236,0.842781926528128,0.839387863175747,0.839129845733221,0.849568923736146,0.841944403540991,0.8391727819609,0.841172078884371,0.839319392653066,0.85685165556928,0.853011728593594,0.872877941124804,0.863676068550387,0.862048816448726,0.857877790865604,0.858147770366313,0.848581830260267,0.8410418057265,0.839840531293133
"SYR","Syrian Arab Republic",0.356602690901432,0.356602690901432,0.358110827994259,0.359618965087086,0.354468913391119,0.34931886169515,0.381139601586872,0.412960341478593,0.382820384281975,0.364142331881287,0.355284939854805,0.323780107450992,0.32248286339829,0.334352438031399,0.345942563654409,0.332653328892981,0.266960719911464,0.185489481001091,0.168522141773821,0.144167407418821,0.134035227271219,0.1055874341762,0.106076154216599,0.103689003914053,0.0983448768056016,0.0925693123197254,0.102852614752258
"TJK","Tajikistan",0.181659673613251,0.181659673613251,0.1923666275403,0.203073581467349,0.218109580172391,0.233145578877432,0.2528150308516,0.272484482825769,0.282570423523138,0.256474429839797,0.264786537511347,0.269771906158024,0.290259768681131,0.281253553321489,0.272641333044262,0.273510162897382,0.278402556013875,0.265787262286239,0.262485366208701,0.306237704393402,0.295905580438598,0.291308821897534,0.276271055074199,0.272585829096061,0.291541599232758,0.292444305861946,0.285144398227435
"TZA","Tanzania, United Republic of",0.403799561057126,0.403799561057126,0.407223572324041,0.410647583590956,0.399319097828411,0.387990612065866,0.390714336499779,0.393438060933692,0.377686940642856,0.397083488874808,0.403720829741734,0.431649462001194,0.424965385375713,0.424010209190754,0.433373314088608,0.424840433139951,0.418918327417022,0.413716172656268,0.409375526039716,0.39506628568171,0.405771102548794,0.411754704578037,0.399646232997122,0.393157244893798,0.405264890351946,0.39932111097994,0.406237239724656
"THA","Thailand",0.530822525141386,0.530822525141386,0.541523384347923,0.55222424355446,0.556588948595315,0.56095365363617,0.545653361731557,0.530353069826945,0.509902086279807,0.47111392418357,0.474997865585101,0.437775761848472,0.428828728629088,0.419863714767977,0.415071365617627,0.410997630010009,0.426310923968205,0.425336345831303,0.423993256689628,0.433410923846125,0.430969054706087,0.437598151455528,0.448231447864359,0.441959780076114,0.460337061783545,0.460819281753418,0.462732041935203
"TLS","Timor-Leste",,,,,,,,,,,,,,,,,,,,,,,,,,,
"TGO","Togo",0.38227787946496,0.38227787946496,0.369725642451971,0.357173405438982,0.365328095907207,0.373482786375433,0.377434123324466,0.381385460273499,0.361310288531137,0.337403963391089,0.296013471962833,0.327023201696579,0.336148006489079,0.349694944164292,0.348245227035849,0.348958363239092,0.341803563965962,0.338700005923134,0.332547813272131,0.35924247947392,0.368978576528824,0.38313954409945,0.347642938914213,0.358165054964507,0.3567622167589,0.357991073838411,0.370456054153968
"TON","Tonga",0.54858236449547,0.54858236449547,0.550236490409653,0.551890616323835,0.550987139531735,0.550083662739635,0.549942074873359,0.549800487007083,0.500280817532011,0.517630681526489,0.455445014155366,0.439323573791049,0.442672954444862,0.441206808638072,0.440609254286331,0.490616648065424,0.494911431310145,0.4903919386322,0.495885742827503,0.493873352121992,0.484247462842404,0.513834772324996,0.525287235888392,0.542396136471267,0.539419197994057,0.536537575421564,0.534391525792095
"TTO","Trinidad and Tobago",0.621816355922171,0.621816355922171,0.622088873483429,0.622361391044685,0.603067902856938,0.583774414669191,0.570480561274097,0.557186707879003,0.539940714070949,0.531100061415015,0.527210942484855,0.506816005702485,0.516368251519161,0.514427815122269,0.511080139206334,0.50500175561417,0.517483564189386,0.500128449276285,0.492067332108544,0.488128220461735,0.492007098374209,0.488451992198876,0.488488840177236,0.478658858070956,0.476837190955765,0.483863314906757,0.481948744533757
"TUN","Tunisia",0.474905209521397,0.474905209521397,0.477245490027176,0.479585770532954,0.48123420574789,0.482882640962826,0.497686781178322,0.512490921393818,0.513187167975406,0.509098752976966,0.494788848274884,0.525447403490664,0.509961577595686,0.505209354421244,0.505771324324612,0.49017585424335,0.463004317074714,0.4491564027927,0.438068000346348,0.444285924675001,0.438367876426157,0.425165311737461,0.438824101005128,0.43945691176355,0.445695320637346,0.466740021514568,0.444509613457736
"TUR","Turkey",0.437840965704275,0.437840965704275,0.439919161855482,0.441997358006689,0.451806355431048,0.461615352855406,0.447592862647889,0.433570372440372,0.463025969573023,0.460964100962017,0.493369902038772,0.492049514966001,0.487955746245821,0.487833076237311,0.479585238661317,0.48222785538987,0.483310739165835,0.479496308841306,0.476408710467266,0.465459414940003,0.433981904597657,0.399765602722177,0.402807317280232,0.409746245706681,0.409335912274561,0.413249509616981,0.408251328670179
"TKM","Turkmenistan",0.321553308144939,0.321553308144939,0.307473360022917,0.293393411900895,0.289580231791332,0.28576705168177,0.288934089096724,0.292101126511677,0.294945755952698,0.253029861111241,0.260080995232047,0.227236277878852,0.256860084363178,0.276187215226731,0.271892763064182,0.259556313837347,0.257155156664583,0.272498626745939,0.266526888348111,0.267778383983675,0.257508099467621,0.238086273204983,0.249193948361097,0.253833792753346,0.246801156031063,0.243505486451916,0.236053611378268
"TUV","Tuvalu",0.633689316826223,0.633689316826223,0.635343442740405,0.636997568654588,0.636094091862488,0.635190615070387,0.635049027204112,0.634907439337836,0.634874946353112,0.635732537656899,0.596423972337234,0.571215477183568,0.554167656946423,0.541108015635201,0.5497094766148,0.540104448489256,0.533345432631564,0.504313742689573,0.499117359194187,0.541171942433436,0.551611116167277,0.566240640144886,0.554099438554526,0.57142860076189,0.580713328210327,0.595172954028838,0.612927050347907
"UGA","Uganda",0.364964765136275,0.364964765136275,0.368542424235619,0.372120083334964,0.355160899613535,0.338201715892106,0.339377822727723,0.34055392956334,0.345544159421607,0.359679610713443,0.3533805439134,0.379379256099118,0.385308433689433,0.386597338052506,0.377452567960487,0.376592772016392,0.37994923979279,0.376733527947854,0.374695097418905,0.366523335071787,0.371777750148492,0.384310623424715,0.389985039595111,0.384080957883826,0.370873455232628,0.3683164483608,0.366889794557341
"UKR","Ukraine",0.370621333745237,0.370621333745237,0.355997741178462,0.341374148611686,0.344148930354091,0.346923712096496,0.350685157980647,0.354446603864798,0.363048835044297,0.370302663696917,0.382513625698835,0.391726130444622,0.405513301476866,0.39433410292924,0.361235212684036,0.379452342234113,0.36695652416997,0.366351759001586,0.330642803153093,0.286585118873942,0.287607980475853,0.314399888202397,0.32558208437582,0.321320661736934,0.350438940558483,0.360190580373038,0.364660743244024
"ARE","United Arab Emirates",0.611507074793041,0.611507074793041,0.608559023212293,0.605610971631545,0.611002879581264,0.616394787530984,0.655349840698916,0.694304893866847,0.650835213789054,0.655523166004335,0.648186795711955,0.639045593758809,0.645618085787845,0.642300433046924,0.63536423433254,0.619233569136751,0.6494775460711,0.665215322099775,0.682386730990315,0.685065236265508,0.682365480470347,0.682870153336379,0.68269678661789,0.683737124760862,0.684458646262055,0.691173705300184,0.688812863249998
"GBR","United Kingdom",0.838290766907379,0.838290766907379,0.840690290078967,0.843089813250555,0.840069448148707,0.837049083046859,0.824498345383087,0.811947607719316,0.791329592745406,0.782532996990387,0.772666956497317,0.811525170583637,0.803502820798112,0.791051713786131,0.764140165476534,0.785051443873068,0.773281657467574,0.781264147705494,0.792086374684914,0.802631298008388,0.811444086232206,0.795362563298038,0.792373511160084,0.779583562625179,0.786827972793508,0.767133520996278,0.764172989871977
"USA","United States",0.785276797208664,0.785276797208664,0.785521673857483,0.785766550506301,0.793768513028279,0.801770475550257,0.787638491112981,0.773506506675706,0.757641264861782,0.743149544479143,0.742538948560956,0.760082364556163,0.750542503950061,0.765760500111177,0.742770968911078,0.745371526382695,0.750355632632964,0.753696859818265,0.743415961843136,0.748201668174141,0.751557836579512,0.751121846165972,0.754882952225343,0.750582361564739,0.71559548520301,0.693500975200149,0.704038914707167
"URY","Uruguay",0.662863222210513,0.662863222210513,0.667508045472459,0.672152868734404,0.666808027553462,0.66146318637252,0.657364303845351,0.653265421318182,0.643760290787642,0.616256320765699,0.64103535474922,0.65273957186101,0.660085210164739,0.665689642246456,0.670151358811983,0.680576777217543,0.683593774556206,0.671756392506924,0.680885948847531,0.697907914896735,0.689345553445502,0.687339020239836,0.682436303667495,0.678461272756372,0.679096996180304,0.695565841693708,0.711766899789295
"UZB","Uzbekistan",0.265045011765917,0.265045011765917,0.255377522408791,0.245710033051665,0.229863610392611,0.214017187733558,0.234873848038494,0.255730508343429,0.261965489394538,0.234173525075772,0.199690114040958,0.214958655385411,0.249434128366584,0.263977119620047,0.250044809578567,0.250331907035734,0.248137631731501,0.26246034571415,0.265835045549356,0.280391685645668,0.275057996674245,0.286857897526499,0.306371874114705,0.320421271968115,0.327855229206786,0.322008974218131,0.373108583464933
"VUT","Vanuatu",0.578175634458589,0.578175634458589,0.580762320108197,0.583349005757806,0.599230627597995,0.615112249438184,0.613823580949496,0.612534912460808,0.598059462544336,0.546825079593767,0.616334488806844,0.599227832788414,0.57779640847065,0.564186611275089,0.560943437541658,0.548549718401264,0.548345406500318,0.553240789394817,0.560296424828167,0.55213141329754,0.505171335700405,0.524772706540358,0.544390913335999,0.531395648037363,0.51974806291452,0.528754716090865,0.551625638443165
"VEN","Venezuela, Bolivarian Republic o",0.375318332818983,0.375318332818983,0.375252103510734,0.375185874202486,0.37473769426548,0.374289514328474,0.334427849267786,0.294566184207098,0.27019637001471,0.271613851570101,0.27314099871415,0.258907592580129,0.238389220339372,0.231651682854499,0.22275888582244,0.219316457006022,0.236424016477534,0.229896367948246,0.21727998739427,0.205433483330889,0.188641664647855,0.170906969811496,0.160908700479433,0.129898390804331,0.121483881955804,0.12020519105153,0.122733297111807
"VNM","Viet Nam",0.443078608879184,0.443078608879184,0.44036009938556,0.437641589891937,0.437510036498353,0.437378483104771,0.425591374241668,0.413804265378565,0.416535268043792,0.407887603250426,0.435678908879366,0.42013401218794,0.424348108733177,0.414333764686657,0.425057502088919,0.41292495947244,0.41814737172456,0.42232091341864,0.42757162960801,0.428505107163405,0.439415074500221,0.466127596701045,0.460111967290298,0.45805259884359,0.453714414356834,0.459451001347473,0.45390927607955
"YEM","Yemen",0.313507724617203,0.313507724617203,0.304430849275595,0.295353973933988,0.292850126158109,0.29034627838223,0.28222347651619,0.27410067465015,0.280310931801678,0.268441845991133,0.285216700064856,0.309590606655005,0.30692637988487,0.285477482759399,0.254737631482584,0.245292156662183,0.221205563128032,0.227929594149548,0.232974339971992,0.193770676285274,0.182442651023581,0.129710825569585,0.124354857601778,0.110019473579997,0.114837001609213,0.112647600200939,0.108131005818517
"ZMB","Zambia",0.396950811229325,0.396950811229325,0.410969766727605,0.424988722225885,0.416664675350702,0.408340628475519,0.400138313952241,0.391935999428964,0.424173161203239,0.420891611697078,0.410586373310762,0.426639187388936,0.440835486504024,0.455027478894665,0.449256365461036,0.444169697268542,0.454921344064861,0.474162828332705,0.465414765485645,0.451434230740161,0.454385205987114,0.444284308891041,0.436596447427079,0.426107857727165,0.40698241985109,0.390695932729187,0.404942414931436
"ZWE","Zimbabwe",0.388184166211733,0.388184166211733,0.374875428160095,0.361566690108456,0.302729417158941,0.243892144209426,0.223445496261888,0.202998848314349,0.216255793502434,0.197548271627366,0.172937864552926,0.20133650415149,0.182065298420491,0.182248299814735,0.179018510281802,0.186360178632141,0.197752938044513,0.216485590208737,0.222105742247338,0.226226658402303,0.253990249144221,0.251146905912074,0.252551813136289,0.262949901280283,0.251513348223854,0.247567591706337,0.255816233179901
