,ISO3,1995,1996,1997,1998,1999,2000,2001,2002,2003,2004,2005,2006,2007,2008,2009,2010,2011,2012,2013,2014,2015,2016,2017,2018,2019,2020,2021
0,AFG,1.4291578568842018,1.4307072617623426,1.3744782124074808,1.3496673792948672,1.3369712566083645,1.312632109139794,1.3772805288830732,1.4398074562510343,1.8735667760658605,1.981450436062414,1.1392199776164575,1.1287688753374567,1.0505382622312736,1.0406783704067029,0.9872271192959158,1.1911904552691306,1.0717775116031243,1.2093113268430502,1.1240569173717903,1.3200665753930954,1.3700011826676382,1.3838503139203018,1.1834252870059716,1.1451756684809737,1.2688094467510833,1.147907297865562,1.2162064191758317
1,ALB,4.020500014989539,3.9993705813346865,3.9128865137859,3.7653500611855177,3.6247961806829565,3.61316169054458,3.631175550527903,3.6935232102462927,3.8213693960804673,4.155958335505093,3.9123517972716,3.904650570706207,3.9556579216206185,4.124914910119161,4.288850235724738,4.386442422583752,4.447476087485175,4.57612473964492,4.615342948503142,4.847365911917415,4.961070433018007,4.900956929836439,4.83199732320597,4.97185009720143,4.937754319393922,4.902919195245743,4.952437079606119
2,DZA,4.027441938187838,4.031416418539688,3.9397092269042178,3.8847154264499646,3.9421304510207635,3.98873237517326,3.9893180065327742,3.972643688792134,4.243627414401805,4.521136943128666,4.37243089261479,4.113363448661282,4.03311420206799,4.063697785438196,3.9858152987824447,3.883350428108043,3.8495688914969293,3.819039257417627,3.898320465308699,3.848243507828397,3.9069020799351293,4.004699823197415,4.178441879245813,4.211214981057722,4.262342932308075,4.275954363445126,4.348180527855641
3,AND,,,,,,,,,,,,,,,,,,,,,,,,,,,
4,AGO,1.4688811558901282,1.467666712927076,1.3773764604503267,1.2897408065573388,1.2812098304621697,1.2591518512733268,1.2877375324576101,1.365823739843516,1.7682908632094094,1.9689792925394514,1.6870657799700404,1.7326301864971287,1.7449283284955899,1.8427069912091567,1.8278736323811153,1.7056703081101912,1.7415913029036734,1.8271562898571105,1.839328282814923,1.866580994725537,1.8873551715212735,2.1118661802365235,2.066836011345785,2.1538515851523607,2.2010972269126268,2.181205804479158,2.2796123576634244
5,ATG,4.886471361629404,4.872285261777137,4.8277571938301005,4.786682535346861,4.75923450198736,4.766431203883432,4.744593984995419,4.744414510367279,4.932907639730938,5.0646742402597456,5.021722864217146,4.853834417863002,4.801070946185398,4.857704250645201,4.832339872871485,4.89204906243607,4.849057765132719,4.864087512986024,4.777579143066983,4.564075112910691,4.621422677381351,4.587046604412702,4.38526047583258,4.522550034510476,4.663795855913962,4.632149629979667,4.606355141782111
6,ARG,5.20733851830942,5.209831982046022,5.074983145001381,4.9763440755982105,4.953183382262527,4.957061677321734,4.5769403486177,4.280499691592969,4.572568510839924,4.674033922083226,4.810387803374415,4.58815990314974,4.616372816073742,4.5204373252175705,4.429929807759569,4.504652276768431,4.586856538708199,4.498891091557735,4.349274278893611,4.2262745351138555,4.27903327985785,4.632617644914144,4.624972485548246,4.688425870742182,4.728888624741947,4.757595764040383,4.715106682483379
7,ARM,4.876791495323839,4.920469105477943,4.734026595435045,4.80699599473551,4.891020250899276,4.915594543471858,4.91688770100042,5.2898675110201845,5.587627941837839,5.527953937068057,5.538537450394694,5.343931022627443,5.310976113686378,5.561590659552867,5.448005584636628,5.499554855684337,5.452329079627692,5.507615289486917,5.597458932799694,5.703884959446965,5.785057894580461,5.908739365030211,5.891021323793822,6.069903601695254,6.237280000641877,6.185378056906164,6.226047528348722
8,AUS,8.609135852507,8.600819560271724,8.557243513739374,8.570931111231362,8.60452045621965,8.686922203259273,8.710634212916815,8.654488786865542,8.73367871610348,8.881809252933714,8.713347544804206,8.810620235001355,8.764811197790362,8.761994699775343,8.589723663755965,8.577753446523136,8.657338372065217,8.697762478099,8.728156473214405,8.640085719283366,8.613494754008453,8.69227622412932,8.545564836478631,8.682546216679226,8.768835490825959,8.684127287704454,8.72854713481606
9,AUT,9.033523671223605,9.035045640019717,9.014204751069878,8.985616847293036,9.017858189427846,9.060015019305665,9.10374342388915,9.089136297858076,9.058012186604445,9.160485311767747,9.045272089194242,8.963742020286764,8.97736014896773,8.857559488539493,8.608740167690904,8.608898293991217,8.6464911744012,8.743156634564095,8.781583525075924,8.777154068967112,8.789576549138742,8.725602984602428,8.756842662228536,8.845312526020086,8.860327385282707,8.916522354019087,8.895309273653279
10,AZE,3.9566889223915513,3.899275070219766,3.9681734661770096,3.987632475363635,3.945266583340277,3.9324526897326173,4.065224228949119,4.512260391404731,4.741105694711994,4.946104561040646,4.87720477657026,4.414673800809318,4.3621717726967715,4.362538583728821,4.67481195193542,4.5557615013917125,4.662360339960824,4.601326623588214,4.782926129405373,4.9894894042666875,5.096108873436788,5.297790092660161,5.147547310846835,5.227115768453218,5.490233955746161,5.330329173349226,5.48123644996532
11,BHS,5.060918764877477,5.056748305197693,5.031847674364549,5.006299634126479,5.007081676400399,5.05382140717984,5.0685777873971185,5.066903139068528,5.16883330732658,5.320461749714599,5.393829303096212,6.006864942127878,5.949275033523041,4.96228025027034,4.779311858617206,4.75547851089911,4.833032719456113,4.87003978173054,4.724150907857273,4.732584748748042,4.671770055029848,4.603581762629785,4.489878855587701,4.490905134019004,4.5515068688689,4.477879398446594,4.539279287520869
12,BHR,4.333291468160872,4.301953121825011,4.314629062041631,4.346481098302663,4.36117582468187,4.415584992974023,4.531822620644629,4.631010196693551,4.754337636041976,4.945271265786413,4.914982838491893,5.543653129574664,5.622514736835134,5.006500285031032,5.042362556506288,4.977641860380115,5.094043560616383,5.077535317658985,5.019212437038276,5.146396434769058,5.145767595264722,5.089209020563684,4.977014654120464,5.0295893189486875,5.145330126185463,5.4506206280617695,5.616910835902594
13,BGD,2.1844668265875264,2.1954296524311814,2.074493972268934,2.1591993413293973,2.0929223215214945,2.029220881955893,1.9059475078961872,1.8397782100722506,2.0094772004267765,2.1237591545702896,2.2966783235647754,3.3945230168100915,3.3531328518521515,3.483911966583812,3.487758047587424,3.7838048038665093,3.880635987017574,3.8681299909288014,3.783742785822501,1.795371094942873,1.8487634877129495,2.038883891431684,2.047411749539696,2.1296864414624177,2.1334783539325834,2.1523869354084906,2.194363299624474
14,BRB,6.373036720127146,6.342316225215906,6.318572837439276,6.309372943344403,6.307952055079326,6.396873607104146,6.36370682343979,6.225006566975213,6.431699271665108,6.711770560695898,6.745426748161431,7.2429125536798225,7.236126273435043,7.215946850314361,7.0153782178300395,7.172641815056014,7.381011316789935,6.186125175535693,6.154828089333399,6.014075223951041,6.1578134507427755,6.028996971492645,6.129581954350218,6.119614787404376,6.214873986067709,6.348171263043177,6.355895525361466
15,BLR,5.519250273213951,5.594728366036264,5.5122241033549795,5.568767272945074,5.542964462915658,5.495108790721963,5.475640242363514,5.412450595467934,5.8343283625348334,5.919349797497936,5.735813132764162,5.171470665207755,5.303071586002961,5.479255708179949,5.861519024193632,5.818240042195114,5.995940386394684,6.2498522708821795,6.200254474302954,6.051013708800466,6.041487820877548,6.229017050517777,6.458869828047018,6.586617764380042,6.7126180373191024,6.47064747011254,6.436628980322483
16,BEL,7.727276175507077,7.748100375831955,7.670187490029114,7.511785677960903,7.502814489185336,7.576065492678916,7.574130839230921,7.610310404766184,7.550622990330295,7.665167387261338,7.392320412561176,7.42076517673714,7.3874613827815026,7.416798151653784,7.438450268687097,7.292435982333002,7.404009835949705,7.477057086100096,7.464982649159185,7.49644715662395,7.5042820105687476,7.5046413793596525,7.415501111196044,7.390746951454313,7.487439601842615,7.605256916528292,7.640304425793771
17,BLZ,3.750460637913719,3.8384659084468344,3.7367610875177935,3.7649985587598307,3.7246728460454865,3.768037983999164,3.7215294759631448,3.856764905355063,4.082536443786379,3.967692535180361,4.079229634872706,3.595025840938566,3.489724179311711,3.516418244902461,3.503378222285884,3.4981453244112415,3.4607038329576985,3.49849565312726,3.581114886450576,3.3919994508399287,3.520741709267125,3.493729340337527,3.4306969659070634,3.412175843852878,3.4856105494284053,3.511196022094085,3.5260653310601144
18,BEN,2.658178262570101,2.6078871365617253,2.517784431415287,2.436892049707693,2.3885975897429796,2.3369387587535724,2.2634267611272922,2.165701397748322,2.38496156225239,2.5118777624842545,2.2041465387137094,2.328245765761154,2.2342100981071216,2.216009517208112,2.1274318921117743,1.9340966617624868,2.0687052399430197,1.9554444858277247,2.0259042117065844,1.9947355899025376,2.155446148781527,2.2084232313135175,2.3145352245620012,2.3614408229015695,2.4156430272192004,2.5318345037982675,2.568748499754724
19,BTN,3.3397576436033063,3.3175202166156708,3.234711738511873,3.164190160435827,3.116396088627761,3.0676436730671517,2.839273759167466,2.966389193256056,3.4199328819274664,3.3624374174540006,3.335769686420462,3.196128094009982,3.4196748743938854,3.6308171095223236,3.57144047321247,3.4495843770167456,3.504057504880507,3.5177379483571167,3.526286535057964,3.801785382377676,3.89313968426336,4.2020328687349195,4.237045130655685,4.361271836585802,4.417567003474937,4.4318863105690225,4.457682561472907
20,BOL,3.094690727526805,3.1235651850843835,3.1188166699952387,3.112599012476087,3.0268311684072406,2.9099984507513237,2.887271645271683,2.7491519105614186,2.9485560075273787,3.209297243393485,2.698456941588865,2.8828253219230198,2.8630429632669636,2.9134873009306013,2.9184421265958163,3.0174811538226476,3.156654425407095,3.0481501480713113,3.0744160457710574,3.0211947669092103,3.0057342908865636,3.013743183760958,3.043689787634176,3.0931575120097894,3.068955829339555,3.0669961760234328,3.126801406606896
21,BIH,4.5676882660699505,4.592148127512137,4.530398656343661,4.427285513619457,4.441163074190299,4.4542329032961465,4.6003979174917005,4.601731836746426,4.793059231277971,5.111486025669595,4.774852828942641,4.573557355405523,4.531158532579104,4.647719535184881,4.580486718047802,4.595337829666603,4.745596076015211,4.820407569990931,4.889003561404082,5.036807737567487,4.895589093285682,4.9814123294225405,4.99211370851331,5.0407835582029055,4.975881289852317,4.924061463544839,4.972842365156769
22,BWA,3.872089506307927,3.868753612914862,3.8638668460482517,3.881487221491722,3.918257775834407,3.9522042789974323,3.909462904437764,3.8361073178010408,4.2434545280290505,4.280100768760412,4.26702024730846,4.2138349851699495,4.138353835465558,4.211277227591877,4.225491821566943,4.257605942552246,4.347488359255911,4.451860941273981,4.396508858795593,4.603369691814424,4.617607779456341,4.845577784954488,4.711362242609198,4.804708265747189,4.870620680866866,4.914927576770861,4.969041278994965
23,BRA,4.625856858461976,4.5891434991478715,4.5468183502424715,4.5380954302025165,4.59648297667114,4.6545445736886535,4.668350135205659,4.70451419777161,4.844675325965187,4.924939777817798,4.859526006054215,5.2089474449109865,5.165208623281876,5.251709668645673,5.348829646142576,5.500583610088302,5.484265834249092,5.446664213359732,5.390894078140489,4.509515947292214,4.477909301914428,4.531699768317472,4.444054611113316,4.463764778172613,4.54396337569671,4.5694876466875005,4.565822459306225
24,BRN,5.5281388586865,5.519459844102369,5.361227912402649,5.202848371645139,5.2251851352575285,5.2533110953294475,5.2832530470936545,5.324538661536274,5.504686378520917,5.752915904266716,5.720136721253523,6.339278005720992,5.443338349459555,5.436095093517689,5.642339166917881,5.6724938910570835,5.69922105274721,5.682061147768623,5.667628937829497,5.782804648512686,5.748743557920319,5.804918919827367,5.772159040002933,6.059247784485232,6.032362878684838,6.224170367054659,6.28863823327598
25,BGR,5.582896829198766,5.664335375170436,5.891488766602445,5.868701328429998,5.810548265163224,5.678177762353329,5.675777081953829,5.758435657545965,5.964376741765113,6.1253265830590085,5.980172054689701,5.85817567203562,5.784980258819915,5.739636538621613,5.710629986098635,5.671574243873572,5.813255115482344,5.878604440609009,5.844049484795128,5.886590517739072,5.889728253030851,5.890471210932793,5.878351514664524,5.9533200882918,6.041360401436542,6.001190119528234,6.074955081786364
26,BFA,1.5338147160832485,1.5226293336002361,1.5024654665524892,1.4198965290766863,1.4582699624028526,1.497229378955157,1.5020562962350081,1.4115375301991442,1.6439965661020108,1.9368324990385366,1.6253136279771465,1.5689363640401375,1.6731914662323284,1.7839684082696194,1.9046570028561949,1.8846814949004838,1.9618033382002662,1.9242895833438185,1.8634908625211675,1.959440333978336,1.989559804807225,2.2495903457159954,2.2883686628137765,2.331609081415408,2.2799452524076798,2.172627264227365,2.2158581268160447
27,BDI,1.4478923995058415,1.4788681841001767,1.3892199936785652,1.3132907648296057,1.4329367090830216,1.4012164363116517,1.1232652029392913,1.2105004152050793,1.412852234076846,1.531232674605051,1.4098930720578045,1.4437370383119255,1.453119579981784,1.4835835236534531,1.4072432194194262,1.2441587280931663,1.1955345179089987,1.0693899929808381,1.4225275455718362,2.1182226024817794,2.005387201698038,1.7977952126321988,1.755448740436937,1.760884234189468,1.7783699548266587,1.70074893394769,1.7755995586251578
28,KHM,2.2220176836855114,2.2202415097954384,2.142398379425697,2.06436817745248,2.061477633127576,2.1159674988209027,2.027385831956999,2.0308775579655,2.2420432576484286,2.4207440433316263,2.1872389827893652,2.351346080933928,2.220225376226149,2.4282966290449886,2.414665080430112,2.3944285582920735,2.5903679704186455,2.5751701778399854,2.4845543609718055,2.5005852506988715,2.5284224797684773,2.6226039297100234,2.6998078453963132,2.7039295358622657,2.7250170478877207,2.656061531300292,2.738994473000154
29,CMR,2.6048681042120747,2.625919353201592,2.61682346548481,2.6280184121123322,2.605823750784987,2.5852960361590815,2.5770393263842823,2.4867739118789904,2.8620347103929236,3.0650031252753287,2.7391350735410813,2.7283595635575257,2.6295955394828736,2.619539597784205,2.545666955737304,2.551314381604748,2.615480607433463,2.662778102977331,2.629849695355909,2.6220342681227713,2.636306908024562,2.725128798200039,2.6737858112533686,2.6591255394306508,2.6874019127415973,2.6897556476914946,2.7194027819958184
30,CAN,8.997819157328617,8.959167200659502,8.937467340693026,8.870068797053454,8.917214330420688,8.977040458427027,8.929564552088733,8.85450145099689,8.854324902695073,9.06519232404669,8.993307310222438,9.071567013625888,8.956323585078005,8.903306417964776,8.838881277960798,8.55206536987945,8.675028709247364,8.680103972054397,8.61519492782205,8.627926041731625,8.557977847004771,8.52668327143717,8.468822995846518,8.452829986508194,8.54990818705868,8.536644722379345,8.55743978863251
31,CPV,4.632523081098997,4.614481895525528,4.535280163974067,4.474816074438714,4.528576716137149,4.5341301257099325,4.308222166988444,4.120480474101654,4.379364482414703,4.500504785206221,4.61343778048811,4.308833631657173,4.3470971053509055,4.392579069255167,4.459507734022506,4.435498681850817,4.688472139283522,4.594233774940881,4.514120757322088,4.699607052425905,4.9019865939350025,4.8906768483483996,4.82948096936772,4.852161082824828,4.941806622184156,4.974345233676112,5.048225341813066
32,CAF,1.3311331571685991,1.358890450802883,1.2285449276860754,1.1544828861278098,1.115566803167648,1.0153603374146527,1.069766106705214,0.956750262427777,1.1460026556616556,1.2717514338652585,0.8389410821812211,0.7679320725822331,0.5654054416991627,0.6339138947720335,0.43048806479789925,0.4161470438950998,0.3858820439832022,0.4152631743823433,0.13212199340228076,0.0981424083073402,0.20256882119928557,0.35040006750087305,0.22751754237893526,0.1952276601041677,0.22163856060545972,0.08435757087150411,0.14675680474996597
33,TCD,0.2561853279625948,0.27000782933018513,0.1751513906522069,0.09723097951626013,0.12289125649673877,0.13035941857036337,0.0706356304988231,0.023541668038312535,0.0,0.35415686709303107,0.0,0.0,0.0,0.0,0.0,0.0,0.0,0.0,0.0,0.0,0.0,0.0,0.0,0.0,0.0,0.0,0.0
34,CHL,6.332354866499326,6.293129026455446,6.147907624343163,6.020568711093743,6.1117812135357505,6.249489973389575,6.301536078736629,6.358909433310896,6.335596763883973,6.507354815802703,6.487886879096989,6.520025541546479,6.530533857017331,6.5402688743441555,6.444925591379608,6.527403976433101,6.709458493152116,6.9036277574288505,6.892275631509268,7.054411225704306,6.996048111846964,6.87552140908847,6.873349360215361,6.988489288205477,6.897295789380821,6.919434274193964,6.926061381115874
35,CHN,4.6501057219030875,4.675595474467647,4.602860853118299,4.53479872643107,4.537809836904938,4.5727414294292545,4.486829844621692,4.411545891285042,4.5028846185668865,4.704433102183646,4.861444970139322,5.7150317730187155,5.794486053217749,5.98077795059412,6.070824788899687,6.430492827294415,6.547318969992734,6.596163536850245,6.6109853569957835,5.12899398500778,5.281606461750235,5.324582724359629,5.403514554565002,5.507527585824769,6.2445453376847375,6.4608011613577485,6.52634360207354
36,COL,3.4909134776353716,3.4786700386497094,3.422865414375556,3.379158582262673,3.3570655983713804,3.3769967421989557,3.4075976056081796,3.388347007213561,3.557899847539661,3.808853692051326,3.8011734436071714,3.7128608418950657,3.7101334689256946,3.8575595624401497,3.95329490138506,4.099320990514334,4.321049740394728,4.279987711957947,4.231312352469423,4.417818380216766,4.389442122199681,4.354882711309561,4.307611883502395,4.321312145736686,4.353975824926906,4.365651108494818,4.343792726112949
37,COM,2.198885412435748,2.231032123174039,2.1529667354791164,2.1153718193202304,2.182372972542562,1.9169802456207514,2.0285134470340362,2.1491867126576265,2.0940649995137948,2.2300368863283433,2.3583249656013,2.267082546954893,2.1903435832058276,2.04982962012509,2.041272419070948,2.103130684384452,2.0845896155375225,2.0284668216096366,2.1507041939280556,2.240433751583222,2.345947988829879,2.4228134015561995,2.2733122392178604,2.30869131607381,2.217589145798925,2.187522754828622,2.3094906394209795
38,COG,1.686788228947389,1.7006079582437432,1.5028589374103598,1.3170731212793731,1.4342469153507493,1.5554256702361697,1.5250208903463156,1.4073394240595658,1.7028078058367389,1.8404534636026888,1.4894135450188892,1.6255017054089165,1.606823814122478,1.757973143619767,1.7060185990419006,1.7301292469046814,1.6675844237595905,1.446836171402717,1.5106410207942444,1.6540125947948245,1.652995915966522,2.046434731002792,1.8385718152403117,1.8880689091147884,1.7250188063061795,1.5586337429053492,1.6665964250449903
39,COD,1.059690600442118,1.0441144279100205,0.9451657301132488,0.8507588109529575,0.8185723219319028,0.7789301446237802,0.8657683377343839,0.8410253641193834,1.083756226390625,1.327156613486932,0.9413123848518212,0.7098962060056518,0.6325889830988272,0.6459516502042466,0.6080337036838577,0.4351771140495396,0.6747306174227103,0.6012676678953881,0.5745007964893791,0.5822950943200369,0.7483640639723956,1.148701656230217,1.0824063939028057,1.1888543606196256,1.1748708071719576,1.11421782692613,1.134623483755877
40,CRI,5.109574165232185,5.0738357189158565,5.139150066587215,5.171971732638889,5.114752392337804,5.090041260039274,4.937433339203876,4.913815729342854,5.089609053103055,5.2068437660904,5.13899068810824,4.902538727807885,4.826997717411922,4.928052397155441,4.939082972941754,5.078534644993603,5.126229113592834,5.248603230413797,5.317126675516403,5.485881375972191,5.556808142824886,5.498252337401616,5.428945162991752,5.504236140507866,5.589409241992776,5.6300599507181595,5.628802209688364
41,CIV,2.964165363305138,2.9649854121198964,2.821125992137995,2.657381170374729,2.3988638129821487,2.1719948659917216,2.064262294389364,1.958435196222612,2.1178333260639186,2.132718341821656,1.8208264079765248,1.7042488895778476,1.7835822840250657,1.7926877363646603,1.8102606784939992,1.7151119055253503,1.7541778784827289,1.8082060063100234,1.993907042370748,2.308171881963295,2.515100248022506,2.6752137723641023,2.6503613381257596,2.774697673762241,2.864779787691423,2.8510825158245554,2.941457159615325
42,HRV,5.3060953778254945,5.296864660889842,5.281712552769443,5.298994358472443,5.417592753222847,5.589461991635493,5.735766028632842,5.771059101649801,6.070103183903806,6.260243439407992,5.929688413285858,5.649432913752848,5.65926511926763,5.622855007670099,5.548800649006166,5.660158021069121,5.720482250655731,5.728066139534123,5.7349180157184385,5.735113619839327,5.781287021246568,5.850818950754052,5.767601286857235,5.833671722812143,5.93281711799603,5.868795332870162,5.913384086048318
43,CUB,3.219212883030091,3.1840623198218116,3.0681106228305204,2.969561042999257,3.109645765646464,3.195433967336272,3.1872665340998987,3.1379124906519964,3.2838253724910746,3.722504492923266,3.7703958390329677,4.269233980077629,4.403416149461203,4.498714987716663,4.354750709911545,4.139648313667562,4.031413755074248,3.8417550200863984,3.5862814120712345,3.58055596652245,3.631704685363422,3.716956136220713,3.8390396946524614,3.859055340019635,3.934303785377051,3.912883428739104,4.0099312028764285
44,CYP,6.2979723159380665,6.278016375588625,6.163145793582264,6.1495833671920055,6.17702878415484,6.185965847464672,6.1930193188923335,6.22327869239631,6.45061298985067,6.4647510017194785,6.5607524466742175,7.207687705894333,7.152405499817677,7.294419570266182,6.302601913767934,6.234447219268685,6.192501003720977,6.243855726651702,6.185375954450877,6.279796785981676,6.301706552610604,6.245932643158369,6.345583038135337,6.343119916251576,6.47210339399897,6.429770886077009,6.4629730186341625
45,CZE,7.609739466396607,7.563717268857789,7.457929226334627,7.405975795755957,7.2459266772911635,7.1455661179225824,7.293770933236104,7.411167469945255,7.5631639068044745,7.559944412079057,7.443316082820224,7.3075034406181105,7.306498232541211,7.331610621464981,7.202985242110406,7.298678008156894,7.453261807455478,7.488894521813991,7.551488576056915,7.611086307040116,7.642728343371288,7.613608968165545,7.662247400364048,7.690711998170654,7.7699302697726225,7.762641685942537,7.8369219933806535
46,DNK,9.170002679259394,9.179940147748933,9.166225804004881,9.234451092830701,9.299030539401459,9.355542660033825,9.347272064013199,9.357343642766825,9.383472931465624,9.476312719432434,9.317158778028514,9.52857027677878,9.468876494030429,9.347894692275085,9.221739995342839,9.220315221818577,9.363321577748179,9.434800135188235,9.338245304826964,9.245499077763503,9.255094602166482,9.113722022711038,9.109780373410953,9.139408949101881,9.165197504090013,9.286755079682012,9.355232373865423
47,DJI,3.441287485124855,3.4277561204663205,3.2913058134616313,3.1973935092604915,3.255808449301898,3.3123840752933216,3.2550156005932696,2.851480178938239,2.9192216197012204,3.3563528303073333,3.2235432038384735,2.963527097668911,2.9646875205746106,3.1872532257152555,3.184128453186169,3.0171653400936522,2.9485721858328566,2.7977259741093863,2.8740356494093193,2.933150668122781,2.9734964535481074,2.8703296005497676,3.052642554651822,3.2534767518780283,3.331884350896373,3.2642369850802293,3.251494507812493
48,DMA,6.661132203560964,6.587902959274277,6.5628163736041145,6.544916664428598,6.468607727830333,6.416643736707105,6.490096497553242,6.2872155558696186,6.511233716615016,6.604590819141471,6.829392131905241,6.042857603068602,5.909621822092273,5.896801275380352,5.780214838841328,5.743232383482977,5.756955522434902,5.6595730339877015,5.7243386861446455,5.72177846161328,5.761431711289381,5.7019386335761695,5.676179054927103,5.663267396026787,5.608162861715485,5.520310255249955,5.52683262701451
49,DOM,3.652534799492042,3.6452485234685184,3.5183112468129423,3.4085042420889766,3.4545345240018217,3.468912878416797,3.4914726956081528,3.4028187375188548,3.4292565200952536,3.7031046158220833,3.4891318151458277,3.7092352120780374,3.7343697667043956,3.8698785818099326,4.065581703657953,3.9964573134555814,4.01844372105235,4.074167968478576,4.002334987658619,4.041328549500644,4.049660105330302,4.07330072187654,4.000163106658996,3.977054786552243,4.050922210442084,4.11118297239192,4.204429701251855
50,ECU,3.0073400395570227,2.955605409593074,2.9455186327184206,2.8997514479732867,2.6910508139201554,2.636582517721834,2.6044057634107523,2.4786272706123476,2.7712974797706647,3.0391476645177082,2.862547931264418,3.054033992210531,3.021405771284747,3.1102599993682083,3.181080033068005,3.1481929104651902,3.289199310826561,3.3177243213791874,3.326619597803686,3.3806953586028192,3.3501701662374836,3.55354236365728,3.5042299598329723,3.578367886130562,3.625476866721047,3.6192328729106165,3.6967915425183353
51,EGY,4.096499442739175,4.078582186411752,4.024139349676654,4.004613763888305,3.9674263087136645,3.94155208442216,3.8544388692051488,3.7814999423348827,3.8617444945033625,4.006866086518866,3.7710738138765345,3.4756150166406563,3.5230550321803245,3.832856415359989,3.901239281288749,3.9654854968815325,3.916392159996989,3.9290617773096246,3.8080009213595063,3.804935757286909,3.8289415162195244,3.7857935732525543,3.8212609835987355,3.9197125798658163,3.9805140624876767,3.9904477338415774,4.093554376826902
52,SLV,3.2437156956825133,3.240394081612618,3.2039778440313897,3.1483624453864953,3.1914232135578393,3.2182802411496434,3.1794887039548714,3.16845477561363,3.4135993643833307,3.7350010212020606,3.507384463207908,3.8397497044203193,3.8093876380900573,3.9567921963720942,3.9598106979661933,3.982523550502472,4.130540096377137,4.048874761395142,4.008012146779091,4.045961416578711,3.9602846711222655,3.8195195512162945,3.7848131812907013,3.9039727026638182,3.942713802614841,3.9502696057837983,3.9441143405259336
53,GNQ,3.3717097947531034,3.384194001324034,3.3117103809018795,3.2074984779879054,3.153052630388364,3.098616102753616,2.9542755591432663,2.998752382077356,3.3809707140656053,3.503884287055874,3.5276338684315034,3.1931906958889074,3.1992898534546437,3.2559221203928725,3.1330546024416064,3.1585761774745236,3.1778370268684246,3.140261593250202,3.1257838930254622,3.0667585859804496,3.0252787330816093,3.03959280339489,2.9115090819946596,2.999918155260079,3.080135158372768,3.045387540013476,3.0525643790101147
54,ERI,1.7815253230028858,1.8034360549322457,1.7869175687463688,1.7400637194568698,1.7301578238861812,1.7144772065186478,1.4809493137320882,1.3149185205409644,1.1552545520519086,1.3011254174057054,0.7706741873302226,0.869287802164513,0.7639617589963601,0.8687323580104478,0.7601519610230578,0.7326487790933917,0.7969435005522278,0.7225261764179816,0.636073078286741,0.7134352197725301,0.6695628798893727,0.8974826806003682,0.7738129103930032,0.7742382403146231,0.7686875320528772,0.7541261888105315,0.7935413968657694
55,EST,6.69926826947151,6.72595846059072,6.6842719542758005,6.557930281008904,6.621625668024965,6.761308779756216,6.784584759381389,6.8087457759886245,6.944935885092958,7.116395104184954,7.068466344796615,7.542065061087796,7.534857410224736,7.585214817586319,7.505617155880718,7.540019448937078,7.547363741796433,7.4354345128775154,7.493916913557368,7.690630685800704,7.652721344664491,7.522337980019551,7.512022102908773,7.571074910590545,7.7171652310849215,7.686227234813052,7.7111634332138586
56,ETH,1.596718020137151,1.667891938748515,1.715232579964133,1.7054609935266354,1.6650324827594818,1.6247629562956232,1.5600375528445616,1.6333870345212333,1.8166882484506917,2.003438447355533,1.746330843637126,2.0213969786228585,2.006217101402312,2.01203251959476,1.9672240609151614,2.0495635094287357,2.1238607198605837,2.0721937370363332,2.071624639832934,2.1398363216793497,2.210256020242732,2.3539689043744305,2.212790873108685,2.394578869439456,2.45206431432294,2.2823866993532924,2.192763303749712
57,FJI,4.098775237716548,4.070251530645172,4.022697624531837,3.968769382242123,3.788975210070445,3.587350191270993,3.644642646682195,3.77451456526635,3.869087441942123,3.9452096495941746,3.955074633252638,4.4779892992073025,4.4132747622973,4.34410692445837,4.048954569255729,4.168590274640474,4.31510919519756,4.268213552239073,4.25735948303989,4.514346467192154,4.614601402700195,4.7406838939561,4.837869361084049,5.001537811666194,5.059595168222392,4.994157341815826,5.036219822922655
58,FIN,9.934331374408202,9.885837321767921,9.885479522253684,9.971166083943944,9.99892971796566,9.943823174057119,9.999630145432345,10.0,10.0,9.997514392862719,9.923477142124874,9.831157043484163,9.699186823826025,9.622027020643905,9.517049866182596,9.540485660627798,9.602767838860803,9.736117933345259,9.65415645973294,9.60432358100574,9.521386603825446,9.440871740554657,9.437920865306156,9.4942647662727,9.575212667541576,9.714252736299802,9.763577713910896
59,FRA,8.660655662148608,8.64315397167818,8.560006705559037,8.503718158806597,8.489540713201205,8.520635527648967,8.49261617446434,8.405244451856152,8.434805249469212,8.555581725181856,8.365222478731779,8.239629638396014,8.315887952940068,8.275808293876189,8.217756602856014,8.301139053920563,8.312234321695867,8.326383034033032,8.211998067428068,8.212914741688563,8.221246177922737,8.16960971788405,8.196022342577908,8.243381743301061,8.468071086502384,8.357068534447265,8.432903657296194
60,GAB,4.132721639727181,4.125811158652063,4.149479151314257,4.19629256546253,4.216931567074939,4.290231799833363,4.259128357568869,4.213302969265155,4.342338482634051,4.34273208308403,4.56429739565398,3.64112060572431,3.5452316782459485,3.5020888141826543,3.43632334565598,3.4312076850738533,3.475308455562864,3.47921541628161,3.390231386075092,3.4529460476249736,3.4119217312599277,3.4051593840445853,3.333999287946497,3.338847703460056,3.345832676870149,3.220988326654994,3.2573592643189784
61,GMB,2.913770740413448,2.885482100532557,2.825201819985355,2.7497621043914307,2.7690192200181403,2.755126013234283,2.7117994347201564,2.7337054312947435,2.9545071485223176,2.880710160267752,2.930721645455151,2.4802537633712025,2.4646306603534427,2.433563171941656,2.3638056842873163,2.2233277085952228,2.3624334238784046,2.2631489184936306,2.1490589642743165,2.172164484830973,2.2328669401289556,2.0921062484623376,2.2319849414826534,2.265620615988551,2.337797356918077,2.648826647526042,2.677323566288429
62,GEO,4.054355007053912,4.050695458171715,4.021894189893803,4.177201986871287,4.264528781749838,4.346280607960946,4.304868698310253,4.111249859851886,4.4958229227752975,4.87738961720664,4.7756228409804695,4.71832323376305,5.225288057878982,5.218319586978096,5.285843096062094,5.512796051034632,5.62619488688985,5.807481784468507,5.922463203545037,6.179827317017587,6.12210593467546,6.205534476186211,6.231083139595279,6.382590853642,6.467854511622506,6.476952674521261,6.556171932412703
63,DEU,9.207838587782424,9.15993484109414,9.09713711831239,9.083553115302523,9.099486006506494,9.183856556288166,9.122187076187666,9.088180519490235,9.028640738177783,9.086642234877072,8.961769678159516,9.032237508052889,8.996561639201605,8.869468620809723,8.727643463348944,8.82546808756701,8.856117329503762,8.897491536692465,8.88451821529317,8.983316674945165,8.88564214156704,8.818424521357821,8.779995689968485,8.860332477101235,8.922963224265278,8.946606915991818,8.999789792283417
64,GHA,3.0953407216837125,3.0615649383654335,2.991748122290611,2.864876780919251,2.894596617779909,2.939600327530058,2.7710021140247325,2.665480822546739,3.0437094630613784,3.1420665724875594,2.9890943970068626,3.230641368815445,3.2345926211488885,3.351680050626615,3.419792240760255,3.475410411223267,3.70868601926714,3.6306832554608635,3.639240071060295,3.5539173293061017,3.523072206670528,3.607695371689923,3.614628389030443,3.68095547247055,3.7298727183314435,3.7133215320469777,3.7254994617600823
65,GRC,6.3305068233832715,6.349641707781074,6.407566393446093,6.449797867420886,6.50061476116139,6.572102218183277,6.617582807889185,6.604550067697083,6.703026737860948,6.8420124058968,6.6112056559158,6.683830262126772,6.586384204767755,6.48616742552028,6.426361444405603,6.393634545467743,6.362331528589399,6.279635197020408,6.397754688354519,6.483848427242945,6.5085485535056495,6.478341968765555,6.451218537641576,6.620959738220302,6.7543243666072685,6.864252045263721,6.920511023815222
66,GRD,5.784498560637731,5.762804105310754,5.727928794319923,5.727624537104557,5.707007701636856,5.705077467129772,5.65584574630627,5.622709171170036,5.818105085506261,5.8634847904595935,5.9474695694947535,5.214967601211705,5.093853519395955,4.994110903103945,4.95645207704896,5.103970259519297,5.240794862776671,5.264536030501795,5.212311063960073,5.3225660855509815,5.492168135614969,5.575404426332496,5.519096875152592,5.5536522665242245,5.600082189977807,5.632932359265201,5.800041332945067
67,GTM,2.610772384852009,2.6303885197765036,2.6601136109253143,2.651639844515459,2.680465749509005,2.6666033817238386,2.598228249121075,2.55847570279512,2.759784948946133,3.0814907322423695,2.791885966377963,2.848571789673179,2.8673944599217185,2.9753408842694644,3.0116939761820154,3.204639700378457,3.291926092949182,3.2300897935145523,3.2526166746811063,3.4347477663276074,3.493646386649052,3.5288281772064627,3.44555189408188,3.4456868817173323,3.5077709655356415,3.5125312369228485,3.5340819728279693
68,GIN,2.0108098637389,2.0484647563661778,1.995538092720849,1.944787542849624,1.7891934011130695,1.6712859831381222,1.6778545617553817,1.72985800519418,2.099473183907394,2.279246916773296,2.0073745960745173,1.8128411398476227,1.729561623746009,1.891915660483153,1.8383477761172193,1.8596532900783456,1.8841362248051252,1.9256805960103982,2.0002777915994234,2.1934681152045306,2.3087571364112263,2.337327187839579,2.4906587354131293,2.4489270636831524,2.5355544728751274,2.3209694417684203,2.3185610209184064
69,GNB,0.9221058587323859,0.9143854185603753,0.7615632396339999,0.6088621475101854,0.8464437446936952,1.0715598937543005,1.0263487558557962,0.8322513125964094,1.1664927465431982,1.4494052021195851,1.4516376366353654,1.1049815969997676,0.9898576940419133,0.9790948684938301,0.9504083111937872,0.7793708354047806,0.8798674755161545,0.8929475412882136,0.8609779280389106,0.9762811720897481,1.0595965874369573,1.0551818835921702,1.0974260878457827,1.0590568190353422,1.098678958280259,1.0384656485259371,1.1480296753802857
70,GUY,3.695542925430368,3.690347709765596,3.6652828160420237,3.6015466591521283,3.5130098187589285,3.432871519720134,3.3800776102925782,3.3171862413661306,3.444142775001064,3.6018328391440084,2.8730378597381123,3.0146122584331447,2.8544345352753746,2.974876509820251,2.8419086276888224,2.9177975530298443,3.0130361473534335,2.947261603202368,2.969622459204456,3.108619070291317,3.135093309098134,3.220096283766529,3.145007367083533,3.2531511603154133,3.3396461767376424,3.7079618162384853,3.7447586369687427
71,HTI,1.685425389922347,1.6968928734382445,1.5943129695417917,1.5143673355500082,1.5225162278599205,1.5193898151155407,1.346812486973826,1.172627347621267,1.388446007124426,1.458220036003768,1.2534462857584616,1.629197472432039,1.6547449716029436,1.770798870470751,1.7801425429310145,1.8015208808094585,1.8250949894956872,1.8461005130552801,1.871454942748264,1.8840396470249696,1.8672225216251073,1.9381216104861192,1.9148429899090749,1.9474286123882396,1.9016412317463245,1.8356542378147376,1.78435847925812
72,HND,2.820855621698299,2.7844736537970842,2.8783404912456296,2.8256979260074164,2.7777070265994808,2.7496575170755593,2.695257193166958,2.5224466527407725,2.6761969990890258,2.8958293863210427,2.636164038852289,2.8640785659303294,2.9592712386644933,3.022522495966273,3.085817899473086,3.053938247677452,2.9819002638415535,2.830903571431116,2.842214077416561,2.8871397370431136,2.954110340275613,2.8708549644279344,2.823326733570874,2.9047643393289406,2.851444778643282,2.7829969825498306,2.7766814189800924
73,HUN,6.9245574226013895,6.772965953652466,6.726232264930971,6.733668402566022,6.721487511297707,6.768753938492108,6.884375107095796,6.880254827318868,6.823453851798495,6.959257887931514,6.758728294678922,6.812857756743655,6.696504868787551,6.665291306311478,6.6380848728787365,6.516403438570122,6.663166601304594,6.644736200680282,6.538920246514954,6.4105987135565625,6.3845015619185865,6.321204343176511,6.227263937314951,6.220060921000562,6.3072856802237185,6.351041592922998,6.382930046470866
74,ISL,7.99062202248312,7.926876669333742,8.077540960995915,8.47463964347767,8.4829818538644,8.899849103997923,8.848310062853981,9.136295824821909,9.198539267633889,9.325435908269599,9.164726510346235,9.05016784403426,9.23605637052087,9.022716615036794,8.95127887676143,8.871685489603186,8.928769558383037,8.802493584376947,8.724467189384931,9.032372745990312,8.826386970659382,8.710282099782361,8.731756593324631,9.03068581411436,9.030904862616005,9.028698767855884,9.08737926486761
75,IND,2.97420614926358,2.988235386522009,2.942733789604301,2.906394541097952,2.9246197124708244,2.9525723629843292,2.823939560684112,2.7205344738186783,2.9660871045592554,3.1880831831883722,3.392178069918042,4.30270015455705,4.226394459131628,4.276070819023893,4.2162188413654755,4.486761852991872,4.53933725208284,4.569981419323761,4.5732283108089415,2.582318650297756,2.600726120202874,2.902768540461347,3.050752844467253,3.17076254683938,3.3650584514547024,3.5975136692957714,3.663651805958015
76,IDN,3.6612738894660297,3.616541905416566,3.521774675303683,3.315697728142453,3.337237667979262,3.4312700128352502,3.3418653321130782,3.247395784289973,3.330936478145561,3.5157963892961335,3.6728744308787946,4.6241877507331965,4.662515124121843,4.766651450477473,4.742210769326666,4.962137838271476,5.061907844116451,5.139920494913385,5.152616732567569,3.7192303863022906,3.736990469032796,3.7872972730140573,3.977851170233393,4.137493021419633,4.162642503202286,4.226068739750966,4.294481941800935
77,IRN,4.159579711124253,4.156015647964109,4.091844627809113,4.046417604007319,4.047165313654427,4.087264190043699,4.181152406526206,4.253260147410797,4.520574451151296,4.780512286301267,4.6891365819458795,4.526959016927971,4.6991090096631725,4.943041824596327,4.554378375428118,4.503554537230582,4.680308722374369,4.65103106190014,4.639736616722341,4.9246094954788076,5.043705982569904,5.325704856335234,5.280159587994487,4.906344727609245,4.895551283914074,4.805158363993127,4.807309633348306
78,IRQ,3.2160930966738333,3.202785478103747,3.17686309286561,3.155506450443268,3.1290254473789525,3.1057254918351274,3.11206047315061,3.0987615787868346,3.2686774972629133,3.1469871214556537,2.784988422316888,2.9238416393108926,2.7723018782798685,2.9540238009948174,2.943245341558049,2.9525535851648517,3.0582987481226214,2.967337255330092,2.963642070815621,3.0446567465695384,3.0234390638457715,3.195429518763805,3.2823909660205204,3.3409477519531072,3.3132247634123386,3.241272547313016,3.3385628261351323
79,IRL,7.735261183791989,7.695009554016617,7.751747219301123,7.787147029392062,7.794999588081476,7.862299129447585,7.811241333811337,7.788667858252333,7.803314804418626,7.831194767662084,7.756580943552419,8.077089289675992,8.126161412633198,8.006221347039954,7.860986494403093,7.767185471602891,7.759727659898338,7.661257351941794,7.74316143367786,7.902468854414176,7.9958024652960145,7.865308141678562,7.838048620079272,7.879692608247501,7.8245453883338065,7.881460849485654,7.939358068000208
80,ISR,7.66095790047914,7.651882272640114,7.542980402155546,7.485526800179667,7.474688654116665,7.491585204111555,7.3220334834042875,7.210096332174704,7.289434858722432,7.414573426220875,7.100118658030108,7.136180325539481,7.184761865132868,7.190336898834748,6.937709728355987,6.991357863697814,7.071250864212284,6.999780604915334,6.920921678653519,6.974513305185763,7.028118177563049,6.992290625397491,6.888219986648817,6.944962114663609,6.97799284043315,7.200279529662039,7.259995608277528
81,ITA,6.998098294335638,6.954133743520425,6.888321404848795,6.82844727650727,6.850848283665164,7.015609497723492,6.997494662167359,6.945900306342803,7.009850019104147,7.083690591034129,7.032120444761734,6.916784945674733,6.835663978674374,6.68319636986002,6.601752944342669,6.572452924159192,6.585127364166584,6.486406221151309,6.418293688877133,6.498637682203937,6.545638272945258,6.5308256024169005,6.463548171175107,6.667053353334743,6.768743515469625,6.817517948553734,6.899393834179566
82,JAM,4.298641569323753,4.3432916737481095,4.257236161476719,4.187707809819903,4.142210265295223,3.9337858156178362,3.6197811905743875,3.929830777406811,4.095768229600396,4.2690314232482,3.99317246188763,3.9703824335820275,3.942145261583823,3.9688039667437174,3.866936776815946,3.809444217172394,3.997487595355269,3.9768770950901002,4.074513067716505,4.138019730898802,4.079190363547664,4.289513476360074,4.3119234051702735,4.4320110926773335,4.432538148592229,4.498711915501357,4.565670581024986
83,JPN,7.694494862282259,7.678439909248062,7.631811176805643,7.593095846806225,7.624472697052852,7.69183702435702,7.607877942786098,7.491062417881698,7.719086225100628,7.87464580156665,7.951995781825437,8.46696031823522,8.330326714995168,8.25424141415003,8.228537019330123,8.418433746081659,8.466220323457527,8.52322032822644,8.516064685519286,7.957433572915267,7.886791837844719,7.8007244220132925,7.854090237175322,7.891122893758938,7.971234175085161,7.996824314588464,8.042077866943341
84,JOR,4.6795230158908385,4.659782210906184,4.703901193556201,4.742858761903019,4.711729915732144,4.714052751718054,4.579719172406968,4.3896963729793415,4.833310642922325,4.841078733474197,4.898144343214112,4.887156418042359,5.014943653195278,5.100751765854831,4.937541176679639,4.924082072302492,5.003037555167664,5.018241012396621,4.98338159326649,5.053123307890295,5.152860110833089,5.073168078351349,4.992782759277145,5.047104384194503,5.08156468158846,5.170715258234849,5.20640158801617
85,KAZ,5.328817879764359,5.288613273885449,5.333946151764847,5.42505039953613,5.401141664552778,5.476791249690408,5.530979258470308,5.566023439483426,5.86746105945185,5.9819669773565165,5.9353940764792945,5.598355326288232,5.657772662397282,5.658840471687463,5.792718744439024,5.7837293141367,5.83445599566769,5.937076999360923,5.996497950117906,6.154072741461805,6.1222470453243325,6.395992393950259,6.557621144594056,6.567441927628578,6.708932895450527,6.762121115852394,6.827389689405803
86,KEN,2.2572148712828515,2.254633756692278,2.148448923615989,2.087987656299501,2.066462989143018,2.019594754610042,2.0469907313057996,2.056261812432241,2.259021144922925,2.48403492276171,2.2401920302839384,2.243673414730601,2.1291584066331923,2.1739824893112183,2.1196311238895817,2.0867743275641697,2.007023115351583,1.917977187538848,1.9817895332895819,2.1247529809562735,2.1718102426015307,2.401362720306298,2.3891716312649764,2.462874956922581,2.578484770480861,2.5404366706306565,2.6299505377166588
87,KIR,,,,,,,,,,,,,,,,,,,,,,,,,,,
88,PRK,3.399415739866278,3.3906909839135184,3.3688371267812487,3.336668142308433,3.4793079006061856,3.5673029607283544,3.6204736567033757,3.7319896516352564,3.762861061062466,3.876232806498744,3.7266457868853298,3.7530382060812033,3.7971645945559382,3.84324802913898,3.6810017597763527,3.6424432433969214,3.7265620154013783,3.721349623587092,3.5554607774348095,3.377321440603608,3.3717933328368814,3.4514176639910565,3.447665111247304,3.523934058075047,3.485257546530009,3.4370062389305294,3.460840957061622
89,KOR,7.0291163683988,7.044181683581945,7.157322870904683,7.1242489429696745,7.290403180864259,7.473077883630165,7.601176708348759,7.631306766610995,7.710861634161823,7.856344849247279,7.792115865230586,7.804007569718352,7.93336154961704,7.845778547585237,7.836625620647507,8.060240145967642,8.14495323843678,8.171992266652616,8.205005851347035,8.266348112891993,8.21491890707466,8.143334012696924,8.170097383168805,8.319185374974065,8.411480057516389,8.469278415439948,8.521960576845297
90,KWT,5.351196438910675,5.365866728229661,5.322613657910331,5.308703162384941,5.297153736496205,5.288795278153242,5.278868057208934,5.2686935579401535,5.45556395691801,5.598400672881423,5.3015705182830395,5.3188667069988025,5.3369673852921595,5.328940045165741,5.259226540742718,5.331520324348462,5.27071716208169,5.204021473048874,5.239209543161842,5.245294763853769,5.133559939752585,5.252951352485827,5.17444181672568,5.3405940045854585,5.495788495778914,5.903913414387354,5.920953361662291
91,KGZ,5.2379763227283584,5.185449941866103,5.223678011514878,5.098507001701121,5.140530182194913,5.2488060880742715,5.283236476324426,5.180865456827769,5.245058480154342,5.183202232373327,4.839635397552052,4.288842220679927,4.456253978706017,4.48258996009511,4.5528072731985745,4.579379451958173,4.891022487624865,4.748849577325355,4.810758111793046,4.967754541063103,4.84047140163668,5.269391591126632,5.295274330693475,5.3798228253019005,5.532578381569482,5.449707395510201,5.471742559064494
92,LAO,2.4496778878228795,2.4809657954701776,2.3726488460242203,2.276441956594935,2.2205284523209046,2.166536810052661,2.090044552959917,2.2077192825314294,2.1969145049465846,2.4195731634376703,2.2686141350157536,2.4385203043902206,2.4920314489133317,2.696477852407662,2.6481501942636463,2.6413238026568124,2.748262408567954,2.8624850678254763,2.9431927435681757,3.013052684255954,3.001610533818708,3.1186538656839478,3.1954820671701256,3.4034707837723643,3.3414352987544427,3.4106070951824172,3.501177859340439
93,LVA,6.114122202645308,6.0428695825321395,6.027357425777463,6.12305511844987,5.957761241220302,5.969261474066632,6.111468618343233,6.295038169177099,6.452886799995145,6.537854091510385,6.424182453647837,6.451234611081419,6.54822700979256,6.627247808874801,6.594484999671575,6.445588676401299,6.4560777861337195,6.720796451320188,6.806445729321233,6.8296241396069055,6.857089034167812,6.812139663840123,6.849264664248663,6.836533035156593,6.946440989272052,7.010076073424961,7.09179533706986
94,LBN,3.5751798437625846,3.5602021568522266,3.486204606333096,3.420412134714726,3.5173796236426154,3.5913192244280894,3.592567659572711,3.495584024587858,3.6778124395279472,3.846649998178073,3.5338543163224143,3.3258039291635226,3.2628661288481666,3.406408864223392,3.629691656371903,3.83997449492109,3.9687715181767875,3.9767837259505106,3.9808645566819063,3.9866363092204087,3.9601923196205293,3.921898325653832,3.733887980825148,3.751574416115834,3.6931283677148183,3.572926704861171,3.5836482463579395
95,LSO,3.0060752211475563,2.9793316508860395,2.958045642425285,2.8563305876344454,2.8593108636515296,2.8569494623512477,2.6911280272578875,2.5982547475802447,2.897853105450224,3.0952295462501986,2.7300793903317726,2.7875022886374308,2.720147538263922,2.730752591334349,2.7071561354115907,2.8254649690756106,2.8284146234438494,2.7654618380823948,2.9897597459321035,3.068981882146504,3.0889228797467094,3.1631327559251474,3.130770991484539,3.133782627242457,3.0618259338080858,3.0497569715669366,3.0838826159658987
96,LBR,1.3310708952360872,1.3405138418584155,1.339600109675895,1.341690129349581,1.352434155428031,1.4520827014458453,1.3222322357470604,1.2889196580337934,1.493275001113675,1.7984322817202234,1.8922483241374572,3.0996796938194477,1.3129470777299914,1.2424517438538494,1.2866449853898763,1.3746136113092993,1.434167404528775,1.4708829298103603,1.5176934757914216,1.6309419068817088,1.5928821212646136,1.585198342167812,1.553669761738018,1.5456844923743154,1.50298089944356,1.3920729804059815,1.4844403951202014
97,LBY,3.867482767563826,3.852938367762469,3.786079765706494,3.7406321553478445,3.8123058571307884,3.8259376817001383,3.81826254545237,3.820593468242462,4.112796404671118,4.3365987838427476,4.390411535089887,5.136068545592044,5.2062551079360055,5.261566622458202,5.167672361247857,5.207597628152573,4.9872264826881345,4.839381364816284,3.5282795912349623,3.4241843671213434,3.348368909187193,3.310252946079844,3.2790347814448872,3.2855234232549693,3.290254058894328,3.2394076687840316,3.335340040767373
98,LIE,,,,,,,,,,,,,,,,,,,,,,,,,,,
99,LTU,5.873051221720427,5.919585648434088,5.902740046179509,5.930801578681568,5.817726541341467,5.770856294932946,5.936661498234842,6.092903963301427,6.266761162541262,6.399890710542628,6.432503432949126,6.707157991202011,6.722778807337794,6.761261641766155,6.732539395773687,6.654096015714398,6.678396487099346,6.79484180349145,6.816700511163351,7.003937639395192,6.953821576587655,6.912807689346813,6.831940920637534,6.911383354555491,7.038570443804973,7.103454679833573,7.18456354775997
100,LUX,7.931810270043137,8.173485091620387,8.034785802356318,7.946091776558113,7.722124158775898,8.707857221328828,8.215435323497022,8.02220632774474,7.638544657413035,7.868504472303664,7.910977951291152,8.433295490842033,7.659576530132038,7.981696327958949,8.031195760722255,8.230143950718139,8.34002492931149,8.535279138376271,8.527790753313829,8.561011283337848,8.654407265243695,8.639118036781948,8.529822564820813,8.598539893667144,8.512784648865567,8.623567833609743,8.627381281462295
101,MKD,5.011155463460932,4.87347178016309,4.823925269336607,4.825915261149181,4.717367534132341,4.623955250589249,4.555779299988993,4.387154624634117,4.743049242857259,5.00982840826825,4.660539848987132,4.737881378513529,4.9775042768953375,4.9749077192330855,5.042144755345027,5.099197223702092,5.1892355717048435,5.37394706711971,5.4199053925685785,5.699103727024211,5.673470119949075,5.628792347339982,5.600164458399357,5.5860513087892745,5.671239107196736,5.683634803387408,5.741128379541812
102,MDG,1.9030933212906533,1.9260718381701483,1.8171576797868232,1.7261814378087224,1.7609680286847618,1.7615182304957537,1.636112219856939,1.6638611175459037,2.1272676430323876,2.12996355285843,1.9074698639911405,1.9742871682453567,2.0758558846579183,2.120055190883123,1.8803882472465518,1.7579719834236114,1.7074679204035956,1.774720876611833,1.6657213243766362,1.7194470461405011,1.715725886859292,1.7127753217189077,1.685429476548542,1.7374515863433788,1.713366811879225,1.7271416928232157,1.739980506063018
103,MWI,1.825024309734764,1.8307086340529768,1.8104061748745286,1.8242469879123955,1.8128407980123509,1.8069884708253314,1.704634260360123,1.5560322331236014,2.0063409381445028,2.2343786177410347,2.0969589767245718,2.2864245505702647,2.253356149603574,2.2546492066529926,2.2413433063847616,2.069053605458919,2.154537308262085,2.1122334187082425,1.9829525428576509,1.927132598883775,1.9248454830184532,2.0477315667639258,2.024405679068856,2.0131530497569354,2.097137659653808,2.131644801417466,2.2190090293523874
104,MYS,5.378196631120389,5.387717776306028,5.272740326152414,5.200414126272025,5.197354697450667,5.233918884532972,5.305529987886465,5.381664080012807,5.615459438009522,5.757141488748009,5.473421905095388,5.527703420687117,5.369139441252915,5.3266078358687405,5.410136833623661,5.66522588452716,5.729248949335131,6.014040413097883,6.089379169375629,6.330566832977241,6.3738603854439235,6.114980667023845,5.94886930388669,6.050521416916653,6.19379796044732,6.206419554576488,6.233297755764502
105,MDV,2.5594509639161567,2.5419973617684595,2.490638523162652,2.4681118441744094,2.6399948409784955,2.7786315780926643,2.8580002478564337,2.8715171017380543,3.2284025004804167,3.214972713595628,3.3919833808698625,3.903806522883493,3.726512013359637,3.635173654512113,3.6535902670685525,3.5625350162439835,3.5581719064111326,3.542832465563967,3.373701176984931,3.569851556173015,3.576475459868554,3.726872536187929,3.6633302981556657,3.7521129176127594,3.8835789064212713,3.8458830385901615,3.9151980364225887
106,MLI,1.4691515857407456,1.4615922593621857,1.4392585312870088,1.3838837460982831,1.4069023938659124,1.428354107232404,1.4529204337743873,1.3361074699771625,1.7376873630093026,1.9759390949639413,1.7530806447176812,1.6778562509935684,1.7712814782158783,1.8605316048126366,1.7550621240992756,1.8537568768226877,1.8644384410907964,1.5320958026277038,1.5090784371085364,1.5757859124028692,1.5967254913075204,1.766242407528561,1.7215508699407587,1.740707234250102,1.7023376091299225,1.6198448635302078,1.5937472930717345
107,MLT,6.482238343577773,6.354835477892843,6.60885552319775,6.468763389979749,6.46765447154444,6.801422311802169,6.845715434790426,6.7762112168845885,6.91063026686626,6.858450148932489,6.96849727886744,7.5173190662274365,7.485479281711713,7.490627214713309,7.364890422757256,7.607608465336265,7.592397190860788,6.589078918809916,6.546103091071492,6.4494439078421015,6.532010650811596,6.270213087076293,6.3494095053625745,6.4390861017554455,6.398226744238949,6.523684442071803,6.468100536552951
108,MHL,1.8386057322378928,1.8531252272608802,1.7978475694797487,1.746734636853775,1.845257749054676,1.9392964664532941,1.930217283541549,1.9179540185628037,2.1826669995161745,2.3937192091534456,2.2285689045230956,2.630107217139056,2.5743918501422764,2.606099252400902,2.5521085459980117,2.518685732962205,2.7015185759874463,2.6282537262265704,2.645768695393627,2.6656858937954353,2.6099291879850837,2.5233568293769126,2.6580372712669136,2.598866130593817,2.6372985969920393,2.5856789487576757,2.6337214598405536
109,MRT,2.4733383791225956,2.467326581152968,2.3759234856448934,2.2796179649983954,2.247177376883442,2.203549252589979,2.297682586414423,2.3312569659922007,2.3540942112146164,2.549384997088659,2.27896232401435,2.2305724621048846,2.190285426820134,2.0947971799044836,2.143706864048577,2.001687170462435,2.068286972593592,2.165679847973408,2.115435660452739,2.2401617113814227,2.247789543647629,2.600773734171717,2.6062494824628972,2.7191993630388307,2.738605371327961,2.741894684377701,2.7083379367322786
110,MUS,5.222554607081589,5.200429881418199,5.189970873642777,5.1640718624963755,5.131398404995623,5.127328551039861,5.126130664372473,5.1509283836584006,5.288385700919176,5.410813544359697,4.9804072950580505,5.217862930475682,5.179183277082644,5.324558147481211,5.305828745387875,5.428951734662665,5.63727026065245,5.7361728388415365,5.6971728270197,5.817373518494056,5.772714471472712,5.705192622356244,5.672425627585999,5.983711538629095,6.091381783391392,6.235225632931397,6.259867765126583
111,MEX,4.589062733608635,4.5646527857428545,4.577919630237195,4.628172992146119,4.685496816362039,4.778975038264555,4.77608224641599,4.796101175314844,4.927055346272502,5.0492014423383145,5.025190340574801,5.830594681942229,5.76609378487825,5.740131151624938,5.732844232436518,5.952764040530968,6.024436710361094,6.100665045159555,6.046117864454357,4.603676766907492,4.60368588531246,4.596673137727215,4.5575690267464575,4.587426937948003,4.585152379798275,4.554194022784321,4.543871035157608
112,FSM,1.4774529015900748,1.491574305231327,1.432006760605712,1.3813581660692433,1.375082180333131,1.359548078330179,1.3494045792832905,1.3301952028418471,1.57503300753103,1.9307848750572123,1.7553170710056722,2.192515587540055,2.112229694601967,2.024691119960817,1.9313638384076814,1.9555128545478793,1.930034653169307,1.9189100024711934,1.9274492248864226,2.016863710007701,2.057827963326809,2.0964040709731773,2.0865934410794136,2.0604296676866833,2.07659557895248,2.074501167534573,2.1231785773594414
113,MDA,4.8774011445835495,4.820478122047061,4.839261827267485,4.809213832711714,4.6305789899452945,4.3560201904809475,4.770827648208973,4.383455221807321,4.762563012679853,4.968457266311294,5.048370268618223,4.684843711292497,4.773825577097509,4.73296929055609,4.363008407742227,4.523980352850593,4.706202600085029,4.7031282438305775,4.629800143449804,4.637558263795929,4.590760082647003,4.799827643689625,4.853113869594221,4.955962164470121,5.013532574750319,5.02859403098456,5.160255935066756
114,MCO,,,,,,,,,,,,,,,,,,,,,,,,,,,
115,MNG,4.974250509931513,4.950271818550009,5.012913065315772,4.883363988833779,4.869095513556782,4.750510897466413,4.820304779332503,4.961598389980468,5.124853073160947,5.18773273124105,5.117086569209555,4.8901449782736925,4.828557780697226,4.769664974726407,4.7690622261156825,4.701030832680272,4.7573563584995355,4.842752181908664,4.951907569926865,5.207941524406045,5.165944389741699,5.412336610515346,5.4860136869836555,5.571135849700579,5.66657509420284,5.652182756815185,5.678362555740522
116,MNE,5.5058135222797935,5.475582048352189,5.4106344586000645,5.362413750418916,5.361869847062501,5.373088066831631,5.323727821377863,5.252490028853635,5.2346058110197315,5.34506991155086,5.453259638059383,6.068252780961579,4.922136951909525,5.164992966330553,5.196801128500064,5.212350681291872,5.239229729519549,5.4635163549523815,5.55535799963205,5.633177506111209,5.669531275939997,5.5642918412828735,5.508540090284926,5.725509735296162,5.8763237173692335,5.82344154380935,5.816491042350675
117,MAR,4.423177376734347,4.4479171190374345,4.467694718408889,4.471954071350588,4.381878085309598,4.267205362040102,4.172657112136796,4.106773082915433,4.190598283226403,4.487458110115721,4.245667363800808,4.544436128689794,4.451712111897943,4.537611508645281,4.602230201405113,4.6695475001965905,4.616212162459802,4.676059757146558,4.706119939784459,4.9323527342007445,5.018828890302264,5.009138697376921,5.014899844848159,5.0761218276159505,5.200224656523669,5.282119090423828,5.305941557817864
118,MOZ,2.5096505005284104,2.5080858064151483,2.4624551939463792,2.4684827365089514,2.4827316703681763,2.487416143750837,2.2592341709044166,2.2656269618345775,2.4413527624210225,2.6592337812073854,2.394780608937762,2.6430504142067077,2.5343483714761152,2.607382097348539,2.553892794884945,2.6256620327275755,2.7078079020133283,2.551294916451447,2.40757692943766,2.5690585765367495,2.566983005130839,2.4485101763727317,2.3562971199284237,2.47840541429506,2.516103854953904,2.3923286155003356,2.403365224347583
119,MMR,1.6507263711118103,1.668673590479162,1.5900568295668107,1.530815555655207,1.5168365857212949,1.4969708084097793,1.4802144201250051,1.4597747990639698,1.6954785563815102,1.8042650327949987,2.0010362617300097,3.006343406040455,2.986766324846804,3.0402119859238246,2.9805340026524134,3.2299069676561265,3.36618311545176,3.5639440840850236,1.616805651614937,1.8348933101854656,2.0057852353864916,2.306986440044854,2.358915506991551,2.378266398269642,2.39921364379844,2.5119830672739263,2.233214422511166
120,NAM,3.8640148185529295,3.8465885738850454,3.752978535897103,3.690412728116535,3.5964240626215025,3.5257317583717414,3.4878067313344645,3.4566131373781928,3.636770215922453,3.637394190041726,3.30970356663724,3.543144241622107,3.589031250014358,3.750823900069886,3.5349461844285663,3.569689797812719,3.6778157288594198,3.768801804273667,3.732423732563595,3.7532233849454233,3.786041516594105,3.900049488992669,3.789403003900068,3.9134666821251827,3.9185873136333873,3.9025249780728917,3.921341953045814
121,NRU,5.022932799227843,5.005028223309587,4.968589041025986,4.947684782984067,4.914000971207048,4.888280532284977,4.646166238540527,4.383798859588915,4.6885218630827605,4.8078509511031235,4.937221777161438,4.971065172853363,4.1904318763491375,3.9933257633440142,4.039449551517126,4.269184370695214,4.1396696577643795,4.119894529441525,3.55530449217079,2.9646798296984933,2.622510086221803,3.731097809837396,2.919026739820577,3.8452893558718393,3.989856728127101,3.781363849703866,3.8867418773455182
122,NPL,2.832936861539122,2.714487323182971,2.5975398332192516,2.5116665929330724,2.337791186025175,2.2343540547625906,2.0528348497948263,2.0765213219828835,2.2631233996313505,2.2865230164308925,2.3254141273788473,2.630586284741125,2.7187573231882305,2.749627944262636,2.7677835498757455,2.8561364697864033,2.9099398534715664,2.9213292562229793,3.000751189903239,3.1990102925685395,3.214618940888263,3.392799586590755,3.2977083118012596,3.3866221905638456,3.355736970741528,3.369187876832076,3.4507497167982164
123,NLD,8.527426367013327,8.57717086233249,8.521970716429438,8.527933286064405,8.60790857566588,8.604295167173033,8.357522562068354,8.176965699832795,8.174999305282574,8.213290355264128,8.08576350479307,8.056038064709814,8.053130575906208,8.149593514979879,8.10980720302827,8.083854736410993,8.23652268485681,8.193423804635872,8.207285936580783,8.302542503574385,8.216287064508428,8.174557830972491,8.136044570213194,8.157700853010041,8.195565322783045,8.222215368691362,8.25156514712498
124,NZL,9.313198643664931,9.275780503310466,9.30014175646537,9.389713035739684,9.428276855019043,9.499326576109477,9.549424653600314,9.652373020417263,9.724367237248522,9.90201819542194,9.84827567545855,9.974328919369096,10.0,10.0,10.0,10.0,10.0,10.0,9.55398441376026,9.639642074284044,9.65967294530379,9.627169444968757,9.63647595744306,9.661520710526348,8.93249638901401,9.00498139990554,9.023162873184551
125,NIC,3.2244253353281307,3.2352263802790815,3.192114810271833,3.105770683306164,3.1439689093524055,3.1953083200204286,3.1234108700278695,3.2283623521844085,3.335178211705234,3.488694816232319,3.2397690871483094,3.1853914188136487,3.136513164851639,3.1267317424396586,3.0461916614351385,2.9168682951495297,2.9990650519421025,3.139319851001678,3.1703255587540227,3.193578298227053,3.301055042399741,3.3129994598846686,3.276417835749764,3.084411237436067,3.047887394321385,3.026623116170319,3.022487555262564
126,NER,0.886269603219586,0.8285408342799188,0.7425859362108174,0.6298608842419564,0.7139467067443237,0.6906118861293362,0.6440176708912725,0.6578181826250512,1.0553280382310157,1.1874937450303396,1.0813323925886207,1.1995896915971398,1.2848099289645432,1.3501795901901668,1.3420582132738548,1.2517180164740926,1.4319163638101386,1.273124642821442,1.3122999775328892,1.3416672225553403,1.2844596931354368,1.592941820094516,1.561663305824073,1.7532105172998995,1.8495361576848794,1.7094036919099111,1.7728562715366065
127,NGA,2.2643201237419843,2.2672403795233613,2.263703898511737,2.26492035501034,2.1425534052708604,2.077689329354293,2.1014348973977444,2.0113705890866305,2.3546567594254086,2.5379073809197394,2.8373003702570854,3.7562359185500283,3.7319397924263993,3.891834629850452,3.782333692794756,4.009816236383306,3.9937178251496213,3.9997406928632566,3.979011791798011,1.8233567251847602,1.9549500397267843,2.111999397316933,2.09979004926184,2.211907216783312,2.252879661810077,2.3473884183692846,2.4050233808257113
128,NOR,10.0,10.0,10.0,10.0,10.0,10.0,10.0,9.981384294196292,9.945526769495011,10.0,10.0,10.0,9.909189174387684,9.83406131595232,9.733858117056215,9.800950394973906,9.833394255293813,9.850735768867548,10.0,10.0,10.0,10.0,10.0,10.0,10.0,10.0,10.0
129,OMN,4.34077655950131,4.367031196191801,4.348828351862007,4.3698203769155555,4.335104112840861,4.349112459961771,4.411341699177827,4.465565025468397,4.691912678423093,4.864143091483561,4.680400099430698,5.076801755700961,5.086107290666435,5.157078982689512,5.117147409268011,5.2086304655295015,5.223517353632036,5.3458012832391155,5.408338179534936,5.614054121939862,5.573063173475335,5.541532766703547,5.44685287183451,5.45713980928921,5.630531361915247,5.6991919613056865,5.67028138011486
130,PAK,2.6685638556690545,2.6699369539355002,2.5208441538862503,2.4174340199937525,2.435977508682363,2.445121280950006,2.385802306244994,2.2672088937035113,2.555144695844641,2.6663715346651635,2.849410165778786,3.8647182314814117,3.773936114392459,3.690648408857376,3.6618215351912813,3.8873655408051606,3.910198822516653,4.005178486506582,4.02175502774635,2.322847847051692,2.362012607724266,2.2921980042857597,2.277109434005625,2.3021420972948303,2.341150136650119,2.5586737468549696,2.6354617529731303
131,PLW,3.4047525333643662,3.4141705910918,3.375347024951709,3.3469112034270116,3.343154380999736,3.3402208372022817,3.1839846243283825,3.133721958747211,3.3758920547581317,3.5725970210446945,3.5667705193123216,3.795467899312766,3.716532053402058,3.7520500533650702,3.6187038475745386,3.6259007942046537,3.6344027948530817,3.610450792446253,3.5907450255330433,3.562203525802709,3.4736677935842626,3.8853845289590963,3.7596028693925727,4.142286524173997,3.637897979426211,4.1326367696157575,4.1857120083409765
132,PAN,4.260055103342798,4.3016253222511605,4.305755023881832,4.317809014424881,4.300100367871112,4.237036761884082,4.241416485440626,4.229170284898029,4.333388982850174,4.511100150482781,4.248841488586045,4.4334359436763116,4.427618113225977,4.537168064025205,4.503195627808375,4.579042947346022,4.718067079863743,4.603962261273768,4.609808567547088,4.8093483377133355,4.839601179761648,4.749265688685408,4.651920427518949,4.711058042088162,4.645159414427863,4.552976903904623,4.532509018217727
133,PNG,2.221141430997543,2.172449977160201,2.0954107815886553,2.0730093276809587,2.033598455877084,1.9975949279968872,1.672390057973709,1.400933804918631,1.6403721913899292,1.8464813857637676,1.5325915154759313,1.8245541228443645,1.8555882013158675,1.9098854560129965,1.7396214967263977,1.8402692632148885,2.0052556268151887,1.9932607517448329,1.8852024035280923,2.055395284572266,2.2194362578190354,2.2298194641660016,2.1867198125405976,2.1660750882025677,1.9896413557665495,2.0733643137609765,2.056150477669675
134,PRY,3.565414615887363,3.5810143224893776,3.4779239598101848,3.38514451071926,3.362191261943362,3.3208305406240832,3.3358914434763713,3.3501581421145046,3.6337427646962173,3.9047039302523476,3.789078563253821,3.7568590161547832,3.7756087150494033,4.053733725739382,4.018441005398375,4.038977630822213,4.0822080311962425,3.9704364786211235,3.9479313607777344,4.1670223987917145,4.245709536034806,4.448258184832036,4.411484571844561,4.460058823628083,4.469209868493915,4.502563169476738,4.469723075534178
135,PER,3.8965210485991135,3.862959761134166,3.845244872823625,3.5202130805465472,3.5059124221943074,3.4358350270341753,3.3816878986887353,3.3324824599990928,3.558823307356432,3.788305169537619,3.599921049588444,3.945328493457147,3.9150593873932276,4.012890960856776,3.840696570364565,4.008501092981559,4.238411765727003,4.218951611065043,4.272774258581341,4.393657672141896,4.449489314607588,4.547017821026194,4.447846854154723,4.503714607926501,4.614459196140615,4.588131744811938,4.504675827609753
136,PHL,3.111194974924501,3.1152427144004236,3.0746251996342093,3.0550143110565564,2.8818146565038982,2.7053674072920435,2.706753797601735,2.75863275800083,2.8208415870018606,2.9319697761222607,2.8999162373173353,2.9773698037793106,2.950216203108072,2.9185675213761932,2.942230503158583,3.0296649427178273,3.2258122908101856,3.3315174841261,3.3732301106181,3.535240244008672,3.4948571914648996,3.3735141684413854,3.3617766144431775,3.347589791418441,3.4449140814721124,3.5167152262047763,3.4811998806553035
137,POL,6.869107323509347,6.837832966956773,6.822796293107776,6.793855610721742,6.7102137664254276,6.692001981998194,6.669194626518319,6.679462849992746,6.716896439783354,6.711950399683535,6.580865630623091,6.405743718484912,6.433635658278302,6.5421838464858775,6.550941681855526,6.612152759962281,6.8100181840256715,6.919907685878231,7.0417693859289034,7.2154371637741015,7.294731593532459,7.213696282424287,7.1280844183311025,7.18381831981295,7.140623776162053,7.172592295378289,7.1701261976835085
138,PRT,6.454980241813186,6.48852091896157,6.4334548810155825,6.461577899382461,6.418786215359283,6.435335861742816,6.49077513514532,6.561070476503951,6.640830245755768,6.713173715684321,6.496207624373458,6.445105497478067,6.579817054863985,6.727299852947915,6.716608317916113,6.7413668071517385,6.879096263355725,7.0916753373020285,7.11723974439873,7.255500173483601,7.342113458539428,7.199846966327921,7.235537126820476,7.325697935370075,7.401703555814388,7.440912178623087,7.458521444853067
139,QAT,5.0887219958562575,5.097310755676565,5.217680139316046,5.344152863107854,5.3362500298794995,5.338558857209571,5.357368510515754,5.332068091735557,5.4949626463882515,5.622505085940519,5.812296468603969,6.540434778798877,6.4222116393871485,5.813626534221664,5.933505337966995,5.983244017908636,5.881568084916905,5.9992734319435606,6.0721531511360265,5.97176031366102,5.981166814490657,6.070110688543357,6.009504222541296,6.115291120461455,6.223731102371531,6.520495833981689,6.628275591441216
140,ROU,4.791945776965668,4.856418089060472,4.772491621750427,4.616931740968546,4.542499462717663,4.549354101240167,4.595961240078116,4.7303674484762555,4.782591095258014,5.00111542535398,4.9556781660234925,4.842534847089219,5.104172016856303,5.277179756848528,5.291234982046311,5.043320145671496,4.9683149391537675,4.717806384414402,4.778436317570103,4.943406178010378,5.09776113857351,5.054269655506723,5.0607529821207295,5.1697811375912455,5.046196196975419,5.179092270579348,5.228534135006101
141,RUS,5.756264220847816,5.744549968539321,5.6519134918859635,5.695845118155737,5.8382980780975995,5.917072825317397,6.096411064210988,6.23345621057619,6.398748801438171,6.422628985806221,6.607856028210939,7.291679509461694,7.263645575778659,7.350561974931805,7.145281326639034,7.450866612286232,7.462146071868218,7.563214855078561,7.5532829168684215,6.228866553946055,6.476275146627806,6.730543962715765,6.711632387387199,6.891702516507929,7.050989994446654,7.083995267081452,7.101895885907396
142,RWA,1.067926314573737,1.0722389068808253,0.9915354715683965,0.8751750583870656,0.9372574605713946,0.9564396365530082,1.0135457366591358,1.1118322013696704,1.5960789498604981,1.8869324432364676,1.5335333050783584,1.8772194646446503,1.9404745626436144,2.124102937024109,2.320480353733973,2.673348130742213,2.824078958748581,2.8248052456061474,2.820070219538996,3.15455728421263,3.197223943461612,3.3814032498281534,3.4110272569850424,3.5172635949795894,3.565529961759171,3.7063923942667265,3.778467820033782
143,KNA,4.708901802044596,4.765266141192427,4.7298252255801225,4.713157123060909,4.709026111969898,4.706025305554891,4.7019891834013405,4.734948945397006,4.99601701910627,5.1727276042862504,5.786664977320023,5.430402179239034,5.262453928318646,5.28663776570418,5.434261527587349,5.696632584543403,5.75762118083794,5.825172892760321,5.869596889316745,5.4256910268208545,5.7616958696329315,5.671121074895026,5.827616085667305,5.661514230199125,5.721867212835587,5.771321943023714,5.780580945092054
144,LCA,5.855447517193636,5.855611145217219,5.740758066166391,5.717717575200725,5.7737225217448,5.867602282904631,5.631579783747074,5.551883826299386,5.936237108376594,5.97590521917275,6.392517230614972,5.77475214116812,5.578574369279947,5.601499375888741,5.587609749676206,5.622125134540998,5.6890688974769485,5.639973501194618,5.667198332251086,5.563088596388644,5.619544117295812,5.644289966791015,5.555559794248762,5.561746125647514,5.553162454845806,5.360655674568044,5.390497355234512
145,VCT,,,,,,,,,,,,,,,,,,,,,,,,,,,
146,WSM,3.426546956284206,3.4234861579350366,3.3656169219567222,3.318357923092603,3.3168319602368204,3.2433750287289724,3.2317563229663078,3.0879456008470045,3.2001005061999823,3.2667503902294284,3.262754479617409,3.691642322011891,3.5626870613400143,3.6571605340574598,3.4708147642232396,3.6293240146753942,3.755314587354559,3.900512244500119,3.7059916201261167,3.9262361206028187,4.048456837421109,4.037347413669873,4.041170186567453,4.107250988279248,4.166962770316564,4.103727072640566,4.089920789696882
147,SMR,,,,,,,,,,,,,,,,,,,,,,,,,,,
148,STP,3.588864957181286,3.583906204419856,3.5208461022996533,3.5058639379482543,3.4872491625436153,3.3864303960976097,3.2891089741574557,3.1727050490670687,3.296581268823766,3.3688769350543972,2.5432603419130864,2.625523438801704,2.577461576581549,2.650040164630534,2.5710734826719968,2.6925665921206097,2.7362759248584823,2.9998651046889147,2.97217459907664,3.0923611131195665,3.1416091216412045,3.1337489735063833,3.1429260642762573,3.213535733002215,3.2133287809505164,3.1850936014478504,3.28392189395811
149,SAU,3.6352279141895547,3.6405013092838825,3.610590686797079,3.5757916194216333,3.606532626887333,3.603433635358131,3.6392845642021365,3.6485528604171913,3.871622687558807,3.875589937393916,4.029265429273202,4.363166361296537,4.418542748292102,4.764114357701988,4.752719618529397,4.965991408283326,4.941559926276301,5.0537559982956655,5.197534360320965,5.354989783860762,5.385461913831495,5.656640095947161,5.600277580152719,5.676659476661797,5.751545610675597,6.171449190642119,6.283897721016556
150,SEN,2.603025897273871,2.5881758298647357,2.504464387204506,2.395966075164084,2.4219307570854114,2.455786588059648,2.4854197516851926,2.533437265171962,2.637538296168922,2.9405033194224544,2.5786959532811715,2.4342563796461776,2.377568410234044,2.422185751574271,2.7804067148110083,2.5397294008193123,2.6156729924725837,2.6682030870803324,2.6395211610690206,2.6386673742645432,2.678863068607416,2.8113861548988996,2.724249548870768,2.8650181377450936,2.952968971786851,2.962166159904509,3.0284736938233845
151,SRB,4.276465136407014,4.198373183190133,4.004295122312321,3.8525833896418,3.9183570962953733,3.9426483994825916,4.024414192269997,4.135993635682358,4.387488593723143,4.588767401851231,4.15974558939176,4.400557037940786,4.453619282213007,4.469760652231871,4.424494199137728,4.469450606409072,4.539662296109975,4.5251157311462045,4.652725536969192,4.833076312954585,4.7462215439764215,4.778026705474263,5.00887513922316,5.081733602728708,5.123851630286481,5.09204420782611,5.126921874165054
152,SYC,4.4031535909767845,4.495662423999559,4.430602705758938,4.436045452107239,4.491505790754925,4.592795408207678,4.467457907473273,4.3588401393187715,4.540353352145019,4.40103827618881,4.608821454658322,4.3673636101947215,4.304760141008492,4.326229274243098,4.270621670420506,4.189280789812356,4.281993299815013,4.2696706575343955,4.257286541555835,4.33058371339065,4.601442816413496,4.529224317147746,4.703182441302957,4.69764933388319,4.831530707027939,4.8451371364500275,4.963803514142014
153,SLE,1.4970783414495008,1.4938261843753886,1.3874498640076407,1.2847148007217624,1.2846715108935354,1.2734034524758773,1.4019489452389209,1.5082464571108933,1.7243199400497198,2.046744703793617,1.627497925141277,1.5933455014182285,1.6641063118393038,1.6439558573397075,1.7648757600600127,1.587942023711788,1.807400390819299,1.9275445555481865,1.8660755044129107,2.003138385353579,2.02938466005597,2.094219584011241,2.153767168018399,2.161787297633038,2.159872765814885,2.091585478487221,2.0959417749445723
154,SGP,7.451813011418907,7.56060982514243,7.618503931836655,7.615957503141589,7.737805773363653,8.044036274446345,8.02730492791566,8.144398716204064,8.158337166047131,8.347821877831295,8.128704083851906,8.436085703075726,8.480371535971175,8.496389360569584,8.25518721593145,8.473579305481824,8.643144432083407,8.745006342439098,8.814802050663872,8.977896468132332,9.029029026388631,8.900399247346009,8.937121618889039,9.055794106364807,9.164751010929148,9.240096335833579,9.268478063241732
155,SVK,6.0168334057463575,5.919267354517135,5.908945749727917,5.9069628867449,5.923871978839763,5.9836736134406046,6.030615502550979,6.104736257030531,6.279948884947842,6.41854137955053,6.394640208503839,6.523242417797064,6.537435787948849,6.504439490047879,6.461396278527257,6.387270280800644,6.424934985091884,6.351974456871812,6.337755970293691,6.321920026379633,6.2243952233693856,6.280206078230718,6.198082566943267,6.313138498634342,6.356492332239877,6.463831819843025,6.453851119244654
156,SVN,7.702337634488807,7.607458989763334,7.593245925535235,7.767064127165382,7.599289677354272,7.654139740237932,7.714598516505858,7.701358909490352,7.784940706399013,8.016176472689743,7.895288568670324,7.5922496600872496,7.587061038812864,7.435617760265768,7.618908521924132,7.794245970639812,7.939624116235919,7.958626409321251,7.862635318818625,7.892787295609026,7.8107826720438,7.856092412680402,7.746520936408023,7.772494708134915,7.877768515399413,7.886522344888568,7.883583735449136
157,SLB,3.2895253349292375,3.277392681578198,3.23103727225189,3.1843075984876967,2.8655152843101033,2.4672910453566157,2.3845934960350426,1.809745040121522,2.474685021595619,2.110590353071902,1.7279887671262806,2.0502716604561746,1.911770134074993,2.034503199605528,1.9214603692980858,1.9514555180405035,2.085832403988532,1.991717543095091,2.137666378070633,2.2643779618966775,2.5180316381401084,2.5063612204907075,2.6313360103290613,2.720411010137414,2.711823504160067,2.8465754441626627,2.6819923913272907
158,SOM,0.0,0.0,0.0,0.0,0.0,0.0,0.0,0.0,0.08541060891066037,0.0,0.3687354232945401,1.7838096131409489,1.6362846200781207,1.5838816229002075,1.6256234465021704,2.096954618628488,2.170177282589081,2.220738350739016,2.247512551060947,2.4530254905629034,2.5226109596396546,1.4966386386066264,1.4846213905301322,1.487590379912152,1.4398144405762194,1.4119011541154527,1.414827077316187
159,ZAF,4.85375529417251,4.812487501519689,4.759654727296989,4.668223230491345,4.692679880756375,4.78945416118129,4.7269563562086905,4.686093112941049,4.770770817825726,4.953729541039789,4.655515398675403,4.760980609776844,4.619397785306801,4.578799424777483,4.516621088018158,4.408475906752888,4.467655259545645,4.459348022330074,4.510727320888892,4.569471403663613,4.523916247963306,4.727666554158677,4.493363810667724,4.459727904614096,4.511024097328781,4.44977224834018,4.444404276090708
160,ESP,7.350190100926973,7.349644414808547,7.350478328507646,7.354978678803274,7.437030868597192,7.577429939014873,7.522881227021792,7.472595970441822,7.531173184068924,7.600672738672967,7.477613174498297,7.3310824088474424,7.256775885357245,7.207912677247947,7.042228353791521,6.933579474077885,7.050879340574122,7.082015855704449,7.008113894615598,6.979580755299557,7.026958052438401,7.073379424089259,7.102984790389143,7.135711493061169,7.200509623044914,7.2245752837539445,7.282814432534458
161,LKA,3.8648798720532467,3.839597364195683,3.8067713407193766,3.7763577466894582,3.737892647417837,3.6660188511591607,3.7188040996547955,3.8384747919560986,3.9229178868690395,4.04114855304449,3.616688033914532,3.6884479618171513,3.58945683446679,3.5833273057029147,3.496446072936725,3.38095936623066,3.4450011613368132,3.432773067371749,3.5330068495498295,3.669591095933535,3.8993023822286856,3.920457644330797,3.798046207423367,3.8898085490889778,4.068820311598559,4.079373332539882,4.078192835202888
162,SDN,1.031995183584409,1.0933498705940072,1.0745254199270429,1.055065488761144,1.0744103615843656,1.0104598946721448,1.1053350853564685,1.1557865824302749,1.2979623423350466,1.6286511138911073,1.0641444075234785,1.2634485468987633,1.2411678582013532,1.227414070387036,1.2616144398776532,1.1867329369425874,1.2392523695098576,1.1645269907701525,1.1885969851881169,1.2126290734677974,1.2652810041494387,1.3278512974695849,1.3202805917959473,1.335820021403592,1.2862627199735652,1.225777206050538,1.22620866361889
163,SUR,4.693749930905394,4.659682375761488,4.643293560187746,4.645661237904897,4.605520425455313,4.572394206616353,4.74018097348644,4.611200551985344,4.844152867791322,4.9826945971541585,5.055636991622943,4.215833458728751,4.178866654197219,4.24844560605888,4.10359589064715,3.9775439509736743,4.0820440588968925,4.053405112143247,4.006081934500153,3.992936470936635,4.093730601427247,4.044291220156896,4.168186359078319,4.164404235877944,4.1176319080292885,4.10348619712297,4.166893519066464
164,SWZ,3.5166560378915652,3.5123455464085507,3.477246618183348,3.405552170324139,3.3928896031264486,3.3500777593360316,3.2408461466323417,3.1745061189930173,3.4201753565037136,3.5297352548761287,3.5941483172904793,3.14060188909942,3.1164413913293965,3.211938882217969,3.149572669307502,3.0066588537093377,2.989682703611283,2.954209837687861,3.0061991722909003,3.0648079287602363,3.0878970107264325,3.12140858320503,3.267919018759733,3.1439535145055935,3.152623131876886,3.2046506066928493,3.131809880928516
165,SWE,9.2844675193895,9.246965241894134,9.240431235789304,9.251784163123048,9.350683486698632,9.40015987694734,9.442863203917787,9.499260389504903,9.52691446200768,9.612264692917545,9.47466429441876,9.47505512330794,9.388660497133062,9.255129688054991,9.15770499433376,9.239702360476413,9.364660712093006,9.388762240846159,9.26758478196189,9.201610842319226,9.240630549947596,9.172924066669264,9.142230784631826,9.147036236879357,9.230848492544947,9.246292410280741,9.256399361161252
166,CHE,9.644370955114036,9.580778370487057,9.581316828112211,9.611531040807689,9.672148285952964,9.751129943190332,9.729286082902718,9.684143757104838,9.643333073134757,9.662187512680756,9.56074144063177,9.574367569080188,9.608889332780322,9.489066899905932,9.358848636195034,9.401458895847503,9.422047263547721,9.444543423294768,9.456005710891178,9.455949445642883,9.430662100000179,9.377144482186843,9.255445042186391,9.316096626584311,9.405081439784835,9.449337336603286,9.477803530860415
167,SYR,3.486769434038408,3.4985211203759254,3.466969119604131,3.4349187675124435,3.4346073189124464,3.465276931717586,3.494097393570746,3.5298126079335637,3.6145194789894526,3.72283332508304,3.476214449729342,3.4562227762552817,3.430708863569525,3.4054180551260034,3.5392795774400776,3.4863793520544775,3.295074346909371,2.9613326575467624,2.745705066728899,2.57620472361328,2.4714518199687827,2.4391895306343288,2.282745698446428,2.2949889290754135,2.330626729499879,2.2887572102612337,2.352420613014909
168,TJK,3.8310869602691007,3.834831438363709,3.7851931381137396,3.758296425562273,3.797694684413907,3.859873221326042,3.7388859099336296,4.004551172807448,4.168789381489233,4.212700131201448,4.262178678912619,3.6137071881458924,3.6390319351212224,3.7192683863005143,3.6467750544779887,3.542637972874732,3.5954464026410875,3.5495021422721793,3.543424537057681,3.7464321502294036,3.824967095342146,4.202991864918194,4.132582191538016,4.315909108344818,4.406829272347999,4.294434764255604,4.30140078618336
169,TZA,2.6937802861496944,2.666642674190994,2.5993746917714518,2.5448218775503166,2.510751865158498,2.440645431217,2.4219182792754474,2.4116588278780076,2.582768922048772,2.8231414637149674,2.5675147450938733,2.661382395381648,2.582955328840086,2.6370795433771246,2.6033306994917864,2.4806035053160955,2.557713690514526,2.5511957520236446,2.5055515824549723,2.551222218970215,2.60794244576783,2.7169961519003296,2.6300775074373304,2.6288146492205877,2.692454180913015,2.652612535678045,2.7165284827792355
170,THA,4.550629080457075,4.520633414964024,4.530030494780782,4.576569510856175,4.605355550700224,4.613013667873796,4.607555154516955,4.567527552445645,4.682676766378114,4.685805227978582,4.611540237738712,4.571500888416592,4.486143549126014,4.5202258353082945,4.6516886052310245,4.696948765041409,4.750050420671443,4.777724542042286,4.783834481765525,4.9187224247445345,4.898504454642095,4.8436350487234305,4.8379410664087095,4.96297618645051,5.11341698104024,5.206159555386157,5.268560222885165
171,TLS,3.2314701244697073,3.2178145909662783,3.1450910595600643,3.081670252909376,3.0568767253308233,3.030113317749584,3.027496256121072,2.966897478239883,3.1843202392849266,3.1629600846607735,2.276358894626242,2.2990097009869386,2.2236716304781563,2.439708256617299,2.618739562355412,3.0334562279836508,3.277967127577142,3.3023354388897337,3.323828325081264,3.4605864124092713,3.624409511662219,3.5981021389607633,3.504568880832282,3.455285648099135,3.5386771886277018,3.4217360459410404,3.4795378576150866
172,TGO,2.408011150818437,2.411029447856354,2.316730120530744,2.240425943600503,2.2575904114496312,2.2955709360830308,2.286437709591396,2.2811145124051375,2.4591202172789206,2.55480601972426,2.135706826602552,2.2617020615901477,2.2926436837893185,2.340448265363228,2.230125173817141,2.3305763826241725,2.3893950003375726,2.322745089156096,2.2639454267522727,2.451736048150917,2.602167082761598,2.7954893523156943,2.6905888085864147,2.815835196829423,2.9950619058574897,3.227075942434949,3.326136377473665
173,TON,2.398836637383292,2.4275561173423923,2.367185998300048,2.340829674278703,2.3275650897463556,2.333177546379279,2.1036580490290033,2.122098867238518,2.161237893411296,2.164339231739107,1.8181974792902345,2.24918439894518,2.3877787843111724,2.3259931311408004,2.6365786703103256,2.617317845311096,2.9111346195732333,2.651196478166162,2.822746740616446,2.7598777841017172,2.770166106578731,2.7385719862487266,2.770983947563164,2.9280957149828217,2.8911355801475707,2.876468060514786,2.9338965660936127
174,TTO,5.476824545101515,5.442601872097653,5.465049266923487,5.423525757158224,5.327919084501089,5.3127734423262005,5.1223588220309235,5.098218080175915,5.188496023692519,5.4158405204355216,5.471501761449905,4.587340186222367,4.5724124053384845,4.547023656468296,4.4594976435487075,4.525943714030827,4.637496809593849,4.59017369473179,4.592136214865107,4.644951671300634,4.697136944591594,4.581582224381645,4.547706181640064,4.51006168892337,4.506034460184164,4.479818359430489,4.511435259192714
175,TUN,5.064738628446341,5.08413957578804,5.045262099124399,5.002357725970274,5.045029545882662,5.083879022137342,5.07004182820193,5.113551829504644,5.299952019932376,5.480904782593735,5.3382327396940985,5.549403769172772,5.473982927973813,5.466320753160899,5.478373970845239,5.417047122877619,5.467086640395813,5.399041683612586,5.268060952529305,5.334978757665395,5.268529763422546,5.168048475341385,5.143760065092701,5.14916111105877,5.282946841972561,5.400617993104979,5.371779430781819
176,TUR,4.599205341169959,4.6039224439837785,4.588177335548805,4.561458531932651,4.619289228387931,4.6663300284532445,4.612483281616736,4.549540255911377,4.8529355440207524,5.024767953572049,5.144881401062672,5.1622036988272,5.206880621373383,5.305795920904331,5.293164817142389,5.378587065508855,5.502908962173238,5.562387028001119,5.6285276549834515,5.733673920597879,5.733722203290968,5.589765815730945,5.70583718507455,5.780958211218035,6.001392352446244,6.12364436577944,6.146008915710933
177,TKM,3.8186399232686457,3.816213974914499,3.6390706902440177,3.52935405184701,3.4239522367367585,3.4305268160149542,3.381124034566284,3.3732469916807646,3.6018206231691203,3.5091537006624396,3.4127263696690298,3.433605502121103,3.5302659416960545,3.689956632727947,3.6546798756332484,3.643559057554816,3.677396086204847,3.7204620488821716,3.6382486910040637,3.623202219656156,3.6180219357157335,3.545635680310035,3.5803648891600277,3.634962593125647,3.641611557051299,3.608547513999418,3.595690553742343
178,TUV,,,,,,,,,,,,,,,,,,,,,,,,,,,
179,UGA,1.7066635127082836,1.7044228075250314,1.5558093003415499,1.47981226302106,1.3772837651591785,1.270820134537169,1.2400718443562007,1.2541445924074126,1.6125319268555882,1.7112494797978328,1.458385408106328,1.6692390831654778,1.6764793491500054,1.7394417524802908,1.6581998818370083,1.6102101083179896,1.7199014458827047,1.56250860619447,1.4962313518658832,1.5617239279859878,1.6305397343148318,1.8723964672740834,1.8545263985741873,1.8180549728214246,1.7602936078371618,1.6700357506889207,1.6988574158966139
180,UKR,4.657831080042615,4.579057768015849,4.64751494453483,4.67874045498972,4.757184511825036,4.810531453745656,4.99569033879059,4.461574155839326,4.704196998642626,5.1770541040649976,4.952896890160424,4.466815811461483,4.509777942890193,4.4843884853809435,4.327577337846141,4.319447814131456,4.41490415932547,4.430628234661133,4.5071934983666155,4.694059581190674,4.795046963815134,5.17944772723377,5.1546063141400555,5.275260334863936,5.419563758455906,5.415480947760853,5.470773336082805
181,ARE,5.320702756496837,5.300496996354845,5.249812225427844,5.233668364084316,5.234039815808101,5.264128822917079,5.417373856994482,5.597423560898241,5.561715885678914,5.689501528759303,5.620892170799073,5.97556354011608,5.982240481638485,5.9724176896242955,5.868322582452161,6.0964454537022785,6.279559176222362,6.362533138463734,6.553515946165426,6.727855329787845,6.766919343752297,6.688315765127529,6.738545761923013,6.81608217400223,6.926931688460943,6.977957654274729,7.026577840746631
182,GBR,9.499583457576469,9.463561133647515,9.450150317040947,9.470582501783275,9.496339458717731,9.495625778437288,9.424424124190091,9.377752004122065,9.329075840254221,9.313860900273221,9.017626399765833,9.050063161086147,8.936947580218712,8.792355317435964,8.606287413602944,8.757894780074215,8.740645805801554,8.771292235352737,8.742209081015375,8.895398284830517,8.992581877361696,8.92337044951508,8.835342012526686,8.828481557660693,8.972973778503867,8.956060267695245,8.979175323404894
183,USA,8.943122025744895,8.897964279366287,8.824132154274889,8.79819748747588,8.818910924708776,8.891948522922416,8.80465280884804,8.712255284039902,8.68427069869284,8.6845474269809,8.722636491321245,9.14435052545603,9.034834104388775,9.036130084155317,8.890590876024687,9.086707523086005,9.155472698080679,9.230379557789147,9.142978205790476,8.392177853676682,8.386766121509936,8.333388993441087,8.338026346708615,8.397834050834046,8.35371795522795,8.342526193498793,8.407067135218812
184,URY,5.448961147178223,5.427939797968869,5.427640797549658,5.419726092048687,5.312447301492218,5.326134423540879,5.307068346327831,5.21922646609069,5.3377422644839765,5.287182916679764,5.143456851483281,5.0872273759757345,5.179341554700225,5.191519350992893,5.252687521716382,5.386616834843972,5.472800483058436,5.6514565559854795,5.765606762916651,5.9069789806600035,5.890051392447292,5.903793752123134,5.890008329760407,6.001870681583572,6.0548273306725475,6.104825591443709,6.208964894891409
185,UZB,4.234874133708329,4.177157836198448,4.164891039335194,4.054871948204607,4.052969416560733,4.043598635443752,4.145696631095624,4.227086725808797,4.3270391993117014,4.234079205341216,3.7477308801220612,3.524117115156586,3.606747037879838,3.748166539737816,3.6791973218302223,3.579180681321525,3.5988035997112404,3.6470261455624287,3.710241986720766,3.923461909997235,4.020200016875913,4.414196309751811,4.473390674580425,4.880476888482687,5.0161140836447995,5.0033478732393055,5.252567188290945
186,VUT,2.353303009948547,2.3612596890567983,2.313496043452509,2.2733586877439955,2.331641935871968,2.4032208101826953,2.409900984608337,2.227593326979024,2.612219015357657,2.505812749960732,2.5740256753854593,2.844700363509869,2.8796519518535817,2.8890615270709437,2.7159166056361945,2.6385398624333654,2.8243382888380064,2.6689488482393693,2.575952073140911,2.7435981157514338,2.5991838953917594,2.7075352420683623,2.8213044885209246,2.8721515912859723,2.811782962581948,2.843232597093259,3.0026256058996377
187,VEN,4.1152333090726545,4.080571668285764,4.03609064995715,3.965168790893771,3.9521431098031057,3.94797807014619,3.800571289856336,3.562421236125044,3.6240226077433544,3.8285868360733044,3.72304206562477,3.5861007046781976,3.486553742559147,3.5107080824449555,3.3628939349634432,3.2429544683135743,3.3069258906397585,3.233013428120132,3.1502570871337783,3.0471061430247444,3.0032648427121837,3.0762791457041616,2.9464727694253217,2.8191661157680725,2.843314779506194,2.734840732644404,2.7603317021627722
188,VNM,3.3159772487797006,3.323636531743206,3.2632779767302877,3.213880518029924,3.203105778980844,3.2587741408731947,3.173322952772774,3.067068721267843,3.262966696339852,3.4270488163968023,3.527799845227288,3.7619280944231304,3.7515517846009585,3.766916617352397,3.712004385001884,3.5799876493237184,3.696953510470704,3.66876063213345,3.7246257897262502,3.7949825717466052,3.846049564973763,4.023995703664103,4.033188833271449,4.105790728734487,4.185903276445577,4.245300499950586,4.279990324271063
189,YEM,1.8983414331689241,1.9123939616666863,1.8252590592588334,1.7707737549041425,1.7845118888056224,1.768763875029482,1.717117511004638,1.6838231092447402,1.9667932023917638,2.1107764588069426,2.0804889672551443,2.3730679831740344,2.3687310897175187,2.3528730540169,2.4357184329465555,2.4866554701968115,2.3978473982295667,2.4008674734443285,2.1874203209624605,2.037302101923037,1.8996046710971093,1.679669346125218,1.7701096754491532,1.6804509132922019,1.7230125012313688,1.665709580593357,1.6740238252111748
190,ZMB,3.102363633383402,3.087115870579363,3.0582649190304565,2.9870305312165906,2.980526503988905,2.954750071306187,2.901569550136314,2.780224636937553,3.093372881280185,3.0236323117893193,2.7716553410506295,2.948887726539364,2.936312722662956,3.0362350619754226,2.9727920296257486,2.918323700544463,3.0604682499127165,3.078297315597222,3.043118144812618,3.1554107182934867,3.065455574826043,3.221399621224961,3.20088657465924,3.2473250227236705,3.18838643814761,3.0958894229700826,3.1694776286509345
191,ZWE,2.4487131627513694,2.3910200575909903,2.27543341248743,2.145780430037432,1.883537768913511,1.5786492609320217,1.440954262968578,1.2386055769368003,1.5099562731347935,1.6234335878715278,1.3753427673611962,1.6648125513635765,1.6067248042739477,1.5042676406032476,1.4388576562835966,1.3456314544097683,1.462579346195501,1.5405530147504256,1.4878489321240438,1.5327839430180148,1.614871684587754,1.7151581906843143,1.7001235220942055,1.7535414818313666,1.7450084619541335,1.7043822592453801,1.7953014551111968
